"Hash","LongName","McCC","CLOC","PDA","PUA","LLOC","LOC","Number of Bugs"
"661c87b47ceca09488c047acb638362670e3ded0","runtime-testsuite/test/org/antlr/v4/test/runtime/descriptors/ParseTreesDescriptors.java","1","0","0","10","87","266","1"
"3cbc2af0cc1f1c97f518b11b74294fa9cce05078","runtime-testsuite/test/org/antlr/v4/test/runtime/descriptors/ParseTreesDescriptors.java","1","0","0","12","102","308","0"
"29c2712ae1eee9575324db48c2f72c7cb0d28308","tool/test/org/antlr/v4/test/rt/java/TestLexerErrors.java","1","0","0","13","124","140","0"
"29c2712ae1eee9575324db48c2f72c7cb0d28308","tool/test/org/antlr/v4/test/rt/java/TestFullContextParsing.java","1","0","0","16","186","208","0"
"29c2712ae1eee9575324db48c2f72c7cb0d28308","tool/test/org/antlr/v4/test/rt/java/TestCompositeParsers.java","1","0","0","16","286","326","0"
"9519bfc36fcab155a4c37fbb32e5e83e02d58a6f","tool-testsuite/test/org/antlr/v4/test/tool/TestEscapeSequenceParsing.java","1","0","0","18","112","138","0"
"8af00801037d3b8933f29d0903daac3e9c05349e","tool-testsuite/test/org/antlr/v4/test/tool/TestEscapeSequenceParsing.java","1","0","0","18","112","139","0"
"29c2712ae1eee9575324db48c2f72c7cb0d28308","tool/test/org/antlr/v4/test/tool/TestATNDeserialization.java","1","0","0","19","136","190","0"
"29c2712ae1eee9575324db48c2f72c7cb0d28308","tool/test/org/antlr/v4/test/rt/gen/AbstractParserTestMethod.java","1","0","0","2","8","13","0"
"29c2712ae1eee9575324db48c2f72c7cb0d28308","tool/test/org/antlr/v4/test/rt/gen/ParserTestMethod.java","1","0","0","2","9","14","0"
"29c2712ae1eee9575324db48c2f72c7cb0d28308","tool/test/org/antlr/v4/test/rt/java/TestSets.java","1","0","0","23","200","227","0"
"29c2712ae1eee9575324db48c2f72c7cb0d28308","tool/test/org/antlr/v4/test/tool/TestATNSerialization.java","1","0","0","23","681","738","0"
"29c2712ae1eee9575324db48c2f72c7cb0d28308","tool/test/org/antlr/v4/test/rt/java/TestParserErrors.java","1","0","0","27","254","285","0"
"29c2712ae1eee9575324db48c2f72c7cb0d28308","tool/test/org/antlr/v4/test/rt/java/TestSemPredEvalParser.java","1","0","0","27","394","427","0"
"29c2712ae1eee9575324db48c2f72c7cb0d28308","tool/test/org/antlr/v4/test/rt/java/TestCompositeLexers.java","1","0","0","3","41","49","0"
"29c2712ae1eee9575324db48c2f72c7cb0d28308","tool/test/org/antlr/v4/test/rt/java/TestParserExec.java","1","0","0","33","400","443","0"
"29c2712ae1eee9575324db48c2f72c7cb0d28308","tool/test/org/antlr/v4/test/rt/java/TestLexerExec.java","1","0","0","39","4604","4648","0"
"29c2712ae1eee9575324db48c2f72c7cb0d28308","tool/test/org/antlr/v4/test/rt/gen/ConcreteParserTestMethod.java","1","0","0","4","17","26","0"
"f143495ab2efb743c4c719546d8f3cc70b22df9d","tool/test/org/antlr/v4/test/TestCommonTokenStream.java","1","0","0","5","231","309","1"
"90071c69b850a0f3c79d7a67b3b51f51af61bb80","tool/test/org/antlr/v4/test/TestCommonTokenStream.java","1","0","0","5","232","310","0"
"29c2712ae1eee9575324db48c2f72c7cb0d28308","tool/test/org/antlr/v4/test/tool/TestCommonTokenStream.java","1","0","0","5","234","312","0"
"7525bb6e1dd6d8f68796789dc5f48a6108e7fef6","runtime/Java/src/org/antlr/v4/runtime/DiagnosticErrorStrategy.java","1","0","0","5","47","83","1"
"507f331bd08bc01c213822508d18bbc4ba769db4","tool/test/org/antlr/v4/test/TestListeners.java","1","0","0","6","187","227","1"
"29c2712ae1eee9575324db48c2f72c7cb0d28308","tool/test/org/antlr/v4/test/rt/java/TestSemPredEvalLexer.java","1","0","0","8","136","148","0"
"507f331bd08bc01c213822508d18bbc4ba769db4","tool/test/org/antlr/v4/test/TestSemPredEvalLexer.java","1","0","0","8","143","184","1"
"29c2712ae1eee9575324db48c2f72c7cb0d28308","tool/test/org/antlr/v4/test/rt/java/TestListeners.java","1","0","0","8","206","219","0"
"29c2712ae1eee9575324db48c2f72c7cb0d28308","tool/test/org/antlr/v4/test/rt/java/TestParseTrees.java","1","0","0","9","151","163","0"
"29c2712ae1eee9575324db48c2f72c7cb0d28308","tool/test/org/antlr/v4/test/rt/java/TestLeftRecursion.java","1","0","0","96","935","1052","0"
"8e32d7b695fc26b81833c18a4d70e73a1da1f5e3","tool/src/org/antlr/v4/tool/ErrorType.java","1","0","1","0","102","159","1"
"9ccdca49bb674ba324b09e74b40c0540147003aa","tool/src/org/antlr/v4/tool/ErrorType.java","1","0","1","0","103","160","0"
"05f4b76fab637e118dc3172f067c5f60ad131412","tool/src/org/antlr/v4/tool/ErrorType.java","1","0","1","0","104","201","1"
"551100ea375bd3db4183ef3619c6f1e86bed5388","tool/src/org/antlr/v4/tool/ErrorType.java","1","0","1","0","105","214","0"
"794e4a0b7b485e28d5b510e648cf0733a2ca998e","tool/src/org/antlr/v4/tool/ErrorType.java","1","0","1","0","113","953","3"
"3e054df98b9e8f0e154e0a1b886c7947e5c00e88","tool/src/org/antlr/v4/tool/ErrorType.java","1","0","1","0","114","970","2"
"b2af59e73e7e96ea142cbb43e0d378449ddd960c","tool/src/org/antlr/v4/tool/ErrorType.java","1","0","1","0","115","996","2"
"ccda6205e61cfbc2491ebbfae1c85397a6057638","tool/src/org/antlr/v4/tool/ErrorType.java","1","0","1","0","116","1027","1"
"ccda6205e61cfbc2491ebbfae1c85397a6057638","tool/src/org/antlr/v4/tool/ErrorType.java","1","0","1","0","116","1027","1"
"08300b457fc1edb24f8c11fc8e7f28b47402ed41","tool/src/org/antlr/v4/tool/ErrorType.java","1","0","1","0","117","1044","0"
"b4a53d56d4324739e823344237c4d7fdf6cac90c","tool/src/org/antlr/v4/tool/ErrorType.java","1","0","1","0","120","1062","1"
"bb389782da9fe9a9a1c56c31a5af4f61c39c31fb","tool/src/org/antlr/v4/tool/ErrorType.java","1","0","1","0","121","1068","0"
"f645e175ad69cf53be87b90cdfe80a7d952b3249","tool/src/org/antlr/v4/tool/ErrorType.java","1","0","1","0","126","1099","2"
"b5907498de5766db27f4f3140c67d2784c945f00","tool/src/org/antlr/v4/tool/ErrorType.java","1","0","1","0","127","1101","0"
"78427bae798f4e171fcc416cd796211e57ac45b8","tool/src/org/antlr/v4/tool/ErrorType.java","1","0","1","0","131","1145","1"
"8bf480dcc5c6d146b4112dd347841c1ab80db787","tool/src/org/antlr/v4/tool/ErrorType.java","1","0","1","0","132","1155","0"
"8af00801037d3b8933f29d0903daac3e9c05349e","tool/src/org/antlr/v4/tool/ErrorType.java","1","0","1","0","143","1217","0"
"9519bfc36fcab155a4c37fbb32e5e83e02d58a6f","tool/src/org/antlr/v4/tool/ErrorType.java","1","0","1","0","143","1217","0"
"29c2712ae1eee9575324db48c2f72c7cb0d28308","tool/test/org/antlr/v4/test/tool/TestParserInterpreter.java","1","0","1","10","178","236","0"
"2da28ee5b23aa18d907625cde54cf7d71cd68801","tool/test/org/antlr/v4/test/tool/TestParserInterpreter.java","1","0","1","12","202","264","0"
"9e5cda85edba2cd2acbbf352c428c6a84c8c8524","tool/test/org/antlr/v4/test/tool/TestParserInterpreter.java","1","0","1","13","215","279","0"
"9e5cda85edba2cd2acbbf352c428c6a84c8c8524","tool/test/org/antlr/v4/test/tool/TestParserInterpreter.java","1","0","1","13","215","279","0"
"8af00801037d3b8933f29d0903daac3e9c05349e","runtime-testsuite/test/org/antlr/v4/test/runtime/descriptors/LexerErrorsDescriptors.java","1","0","1","14","117","252","0"
"9519bfc36fcab155a4c37fbb32e5e83e02d58a6f","runtime-testsuite/test/org/antlr/v4/test/runtime/descriptors/LexerErrorsDescriptors.java","1","0","1","14","117","253","0"
"7c35979c2e69220b44f7459f3cb19f51435e7b74","runtime-testsuite/test/org/antlr/v4/test/runtime/descriptors/SemPredEvalLexerDescriptors.java","1","0","1","14","97","273","0"
"94bb7c0af3d910a0c63abc5df0efc52ebcaddfe3","tool/test/org/antlr/v4/test/tool/TestParserInterpreter.java","1","0","1","18","284","363","0"
"29c2712ae1eee9575324db48c2f72c7cb0d28308","tool/test/org/antlr/v4/test/tool/TestLeftRecursion.java","1","0","1","2","31","68","0"
"29c2712ae1eee9575324db48c2f72c7cb0d28308","tool/test/org/antlr/v4/test/tool/TestBasicSemanticErrors.java","1","0","1","3","73","118","0"
"507f331bd08bc01c213822508d18bbc4ba769db4","tool/test/org/antlr/v4/test/TestParseTrees.java","1","0","1","8","112","155","1"
"56c053a5be93c86fa81da24f8e6868d0d18830d6","tool/test/org/antlr/v4/test/TestActionTranslation.java","1","0","1","91","325","411","1"
"ae1bc4cafe55f8397f949d96e4e102fdaa7cf77d","runtime-testsuite/test/org/antlr/v4/test/runtime/descriptors/LeftRecursionDescriptors.java","1","0","10","108","553","1146","0"
"6de95c15e73d7bb092b1519405cd0f1859e63e8b","tool/test/org/antlr/v4/test/TestSemPredEvalParser.java","1","0","10","14","453","598","1"
"3e054df98b9e8f0e154e0a1b886c7947e5c00e88","tool/test/org/antlr/v4/test/TestToolSyntaxErrors.java","1","0","10","16","315","455","2"
"69d4b423e1e979ea944bfefb65f5b04bb8708029","tool/test/org/antlr/v4/test/TestSemPredEvalParser.java","1","0","11","14","477","627","1"
"b2af59e73e7e96ea142cbb43e0d378449ddd960c","tool/test/org/antlr/v4/test/TestToolSyntaxErrors.java","1","0","11","16","330","477","2"
"7525bb6e1dd6d8f68796789dc5f48a6108e7fef6","runtime/Java/src/org/antlr/v4/runtime/ANTLRErrorStrategy.java","1","0","12","1","39","156","1"
"ccda6205e61cfbc2491ebbfae1c85397a6057638","tool/test/org/antlr/v4/test/TestToolSyntaxErrors.java","1","0","12","16","352","506","1"
"ccda6205e61cfbc2491ebbfae1c85397a6057638","tool/test/org/antlr/v4/test/TestToolSyntaxErrors.java","1","0","12","16","352","506","1"
"4ae0161f1a55df80387f98ec24da434c85a3e56e","tool/test/org/antlr/v4/test/TestParserExec.java","1","0","12","9","294","445","3"
"08300b457fc1edb24f8c11fc8e7f28b47402ed41","tool/test/org/antlr/v4/test/TestToolSyntaxErrors.java","1","0","13","16","365","527","0"
"1d066e0a6be25c01f5c25760c34d81c46636e12f","runtime-testsuite/test/org/antlr/v4/test/runtime/descriptors/ParserExecDescriptors.java","1","0","13","23","325","836","0"
"938a39c05781fe821814c760220088ad8779464e","tool/test/org/antlr/v4/test/TestParserExec.java","1","0","13","9","308","466","2"
"fdc46c53e6d885307d0ff3f8ceea5474267d1f64","tool/test/org/antlr/v4/test/TestParserExec.java","1","0","14","14","360","531","2"
"17128d64869d43582bccd523f32463d2edaaffc7","runtime/Java/src/org/antlr/v4/runtime/misc/IntSet.java","1","0","15","0","26","198","0"
"6701202f66c6a3bc0825f3cf68c47ed11ba44cbb","runtime/Java/src/org/antlr/v4/runtime/misc/IntSet.java","1","0","15","0","27","200","0"
"156696be189bdf3929343fb4bea9b4fbe4a90063","tool/test/org/antlr/v4/test/TestParserExec.java","1","0","15","14","392","571","1"
"78427bae798f4e171fcc416cd796211e57ac45b8","tool-testsuite/test/org/antlr/v4/test/tool/TestToolSyntaxErrors.java","1","0","16","19","461","658","1"
"8bf480dcc5c6d146b4112dd347841c1ab80db787","tool-testsuite/test/org/antlr/v4/test/tool/TestToolSyntaxErrors.java","1","0","17","19","481","685","0"
"d09276d9fd5f8493229f2f715c66a861c8767048","tool-testsuite/test/org/antlr/v4/test/tool/TestToolSyntaxErrors.java","1","0","17","20","486","691","1"
"dc2c9b039e1497ad924c852e07f3a8f981ed078b","tool-testsuite/test/org/antlr/v4/test/tool/TestToolSyntaxErrors.java","1","0","17","20","489","695","0"
"9e5cda85edba2cd2acbbf352c428c6a84c8c8524","runtime/Java/src/org/antlr/v4/runtime/tree/SyntaxTree.java","1","0","2","0","6","52","0"
"94bb7c0af3d910a0c63abc5df0efc52ebcaddfe3","runtime/Java/src/org/antlr/v4/runtime/tree/SyntaxTree.java","1","0","2","0","6","56","0"
"17128d64869d43582bccd523f32463d2edaaffc7","runtime/Java/src/org/antlr/v4/runtime/atn/DecisionInfo.java","1","0","2","1","43","255","0"
"6701202f66c6a3bc0825f3cf68c47ed11ba44cbb","runtime/Java/src/org/antlr/v4/runtime/atn/DecisionInfo.java","1","0","2","1","43","255","0"
"29c2712ae1eee9575324db48c2f72c7cb0d28308","tool/test/org/antlr/v4/test/tool/TestCompositeGrammars.java","1","0","2","11","324","407","1"
"29c2712ae1eee9575324db48c2f72c7cb0d28308","tool/test/org/antlr/v4/test/tool/TestErrorSets.java","1","0","2","2","28","70","0"
"507f331bd08bc01c213822508d18bbc4ba769db4","tool/test/org/antlr/v4/test/TestCompositeGrammars.java","1","0","2","22","548","668","1"
"507f331bd08bc01c213822508d18bbc4ba769db4","tool/test/org/antlr/v4/test/TestSets.java","1","0","2","23","221","284","1"
"ac72875491fe75b233da8e355ca7cd2f38ccf399","tool/test/org/antlr/v4/test/TestCompositeGrammars.java","1","0","2","23","565","685","2"
"507f331bd08bc01c213822508d18bbc4ba769db4","tool/test/org/antlr/v4/test/TestFullContextParsing.java","1","0","2","7","270","351","1"
"507f331bd08bc01c213822508d18bbc4ba769db4","tool/test/org/antlr/v4/test/TestLexerErrors.java","1","0","2","9","154","214","1"
"c35f5ec40c33416d65c0e0cb0ce29dc39649fa34","tool/test/org/antlr/v4/test/TestActionTranslation.java","1","0","2","91","334","425","0"
"fab3a8310752dd71ec9e06ff5b043aca54a95110","tool/test/org/antlr/v4/test/TestActionTranslation.java","1","0","2","91","334","425","0"
"29c2712ae1eee9575324db48c2f72c7cb0d28308","tool/test/org/antlr/v4/test/tool/TestActionTranslation.java","1","0","2","91","335","426","0"
"cbef19c2b68fccdc83eb9807fe0b56f12825bddd","tool-testsuite/test/org/antlr/v4/test/tool/TestActionTranslation.java","1","0","2","91","336","427","1"
"b78e0e9c1e3c64798cd23e4c5efcbe94139edef4","tool-testsuite/test/org/antlr/v4/test/tool/TestActionTranslation.java","1","0","2","92","344","437","0"
"8af00801037d3b8933f29d0903daac3e9c05349e","tool-testsuite/test/org/antlr/v4/test/tool/TestToolSyntaxErrors.java","1","0","20","22","591","793","0"
"9519bfc36fcab155a4c37fbb32e5e83e02d58a6f","tool-testsuite/test/org/antlr/v4/test/tool/TestToolSyntaxErrors.java","1","0","21","22","606","815","0"
"c0dda79dff3066e75ad0e7400d02062efa161635","tool/test/org/antlr/v4/test/TestLexerActions.java","1","0","3","11","210","238","1"
"4f0f361d93a6913f58e1169baa9cef249b7aee6d","tool/test/org/antlr/v4/test/tool/TestCompositeGrammars.java","1","0","3","11","344","436","0"
"05f4b76fab637e118dc3172f067c5f60ad131412","tool/test/org/antlr/v4/test/TestToolSyntaxErrors.java","1","0","3","12","152","232","1"
"39ddd0da3a503fe96e94f1a01558384b14c7a36e","tool-testsuite/test/org/antlr/v4/test/tool/TestCompositeGrammars.java","1","0","3","14","413","508","1"
"f6255bd5be8e0c0c9df5301bf915a620db0bdc9d","tool/test/org/antlr/v4/test/TestCompositeGrammars.java","1","0","3","23","587","714","1"
"29c2712ae1eee9575324db48c2f72c7cb0d28308","tool/test/org/antlr/v4/test/tool/TestATNLexerInterpreter.java","1","0","3","24","243","326","0"
"7f577d92090ccfd7e945040ef96da8d09d2211c7","tool/test/org/antlr/v4/test/TestCompositeGrammars.java","1","0","3","27","670","801","2"
"1d066e0a6be25c01f5c25760c34d81c46636e12f","runtime-testsuite/test/org/antlr/v4/test/runtime/descriptors/ParserErrorsDescriptors.java","1","0","3","31","281","585","0"
"dc2c9b039e1497ad924c852e07f3a8f981ed078b","tool-testsuite/test/org/antlr/v4/test/tool/TestActionTranslation.java","1","0","3","93","380","482","1"
"29c2712ae1eee9575324db48c2f72c7cb0d28308","tool/test/org/antlr/v4/test/tool/TestParserExec.java","1","0","4","0","51","139","0"
"41e04a27c06d4f6004e6c2c85ba4bb308b207309","tool/test/org/antlr/v4/test/TestLexerActions.java","1","0","4","11","250","284","0"
"29c2712ae1eee9575324db48c2f72c7cb0d28308","tool/test/org/antlr/v4/test/tool/TestLexerActions.java","1","0","4","11","250","284","0"
"551100ea375bd3db4183ef3619c6f1e86bed5388","tool/test/org/antlr/v4/test/TestToolSyntaxErrors.java","1","0","4","12","164","251","0"
"c7a68514b571bbf49440972e4841817c749cdf52","tool-testsuite/test/org/antlr/v4/test/tool/TestCompositeGrammars.java","1","0","4","14","423","520","0"
"6c2d4e6225f4ee5fd2b197a794b4eb0e65e84cf1","tool-testsuite/test/org/antlr/v4/test/tool/TestActionTranslation.java","1","0","4","16","176","429","0"
"6b78500a506932a18ddb84e32cab662b237f8022","antlr4-maven-plugin/src/main/java/org/antlr/mojo/antlr4/Antlr4ErrorLog.java","1","0","5","0","23","91","1"
"633d4e2e19ab176aaf3edabc67eebe5ecd0a43e0","runtime/Java/src/org/antlr/v4/runtime/ANTLRErrorListener.java","1","0","5","0","35","185","1"
"64b6408e4a04ea7cbddf68dec7b0f12f941688c4","runtime/Java/src/org/antlr/v4/runtime/ANTLRErrorListener.java","1","0","5","0","36","200","0"
"17128d64869d43582bccd523f32463d2edaaffc7","runtime/Java/src/org/antlr/v4/runtime/ANTLRErrorListener.java","1","0","5","0","36","208","0"
"6701202f66c6a3bc0825f3cf68c47ed11ba44cbb","runtime/Java/src/org/antlr/v4/runtime/ANTLRErrorListener.java","1","0","5","0","36","208","0"
"aa909ddcb16ed74f571f5468380076675e730117","tool-testsuite/test/org/antlr/v4/test/tool/TestSymbolIssues.java","1","0","5","12","276","341","1"
"b7e5bfcbf8c9a773b9a5eb7d36a5d790241e89d6","tool/test/org/antlr/v4/test/tool/TestLeftRecursionToolIssues.java","1","0","5","2","78","124","1"
"b5907498de5766db27f4f3140c67d2784c945f00","tool/test/org/antlr/v4/test/tool/TestLeftRecursionToolIssues.java","1","0","5","2","78","124","1"
"29c2712ae1eee9575324db48c2f72c7cb0d28308","tool/test/org/antlr/v4/test/tool/TestIntervalSet.java","1","0","5","38","354","454","0"
"507f331bd08bc01c213822508d18bbc4ba769db4","tool/test/org/antlr/v4/test/TestParseErrors.java","1","0","6","19","299","389","1"
"85c145eff9d1bcef9149e54852a35299ca186fb2","tool/test/org/antlr/v4/test/tool/TestLeftRecursionToolIssues.java","1","0","6","2","88","134","0"
"507f331bd08bc01c213822508d18bbc4ba769db4","tool/test/org/antlr/v4/test/TestParserExec.java","1","0","6","9","198","311","2"
"385e96784db04a18cb7c8ff7edb6ea85a29cdbaf","tool-testsuite/test/org/antlr/v4/test/tool/TestSymbolIssues.java","1","0","7","12","312","385","0"
"511c60fe7bee7a4fe94a84c64627626909054490","tool/test/org/antlr/v4/test/TestToolSyntaxErrors.java","1","0","7","16","263","381","1"
"961f68c8655d534586cbce49b0bc035ddd986f1f","tool/test/org/antlr/v4/test/TestParserExec.java","1","0","7","9","212","332","1"
"63b5e61c15ce1975002d7ca7f5ad1e2bbbc9216d","runtime/Java/src/org/antlr/v4/runtime/ANTLRErrorStrategy.java","1","0","8","0","10","142","0"
"7525bb6e1dd6d8f68796789dc5f48a6108e7fef6","tool/test/org/antlr/v4/test/TestSemPredEvalParser.java","1","0","8","12","374","518","1"
"507f331bd08bc01c213822508d18bbc4ba769db4","tool/test/org/antlr/v4/test/TestSemPredEvalParser.java","1","0","8","14","419","552","1"
"d0620a65f5b147a91ae408d62818f1f5dc3aca4b","runtime-testsuite/test/org/antlr/v4/test/runtime/descriptors/LeftRecursionDescriptors.java","1","0","9","108","549","1140","1"
"8af00801037d3b8933f29d0903daac3e9c05349e","tool/src/org/antlr/v4/tool/ast/GrammarASTWithOptions.java","10","0","1","11","55","78","0"
"9519bfc36fcab155a4c37fbb32e5e83e02d58a6f","tool/src/org/antlr/v4/tool/ast/GrammarASTWithOptions.java","10","0","1","11","55","78","0"
"c0dda79dff3066e75ad0e7400d02062efa161635","runtime/Java/src/org/antlr/v4/runtime/Recognizer.java","10","0","13","14","138","270","1"
"c6e6ccde4cef96101a19ba3681196972b7848550","runtime/Java/src/org/antlr/v4/runtime/Recognizer.java","10","0","13","14","139","276","0"
"fdc46c53e6d885307d0ff3f8ceea5474267d1f64","tool/src/org/antlr/v4/parse/TokenVocabParser.java","10","0","3","1","98","152","1"
"815a1ad02570de6f567dbb3ac40ad9968d3d88b4","runtime/Java/src/org/antlr/v4/runtime/atn/ATNSerializer.java","102","0","2","8","440","569","0"
"346da8b863b88f9f8c30c73c78239922a53fc230","tool/src/org/antlr/v4/Tool.java","105","0","7","31","617","832","0"
"9e3907d573fdf36751b02ce06d80b32ec0bd6498","tool/src/org/antlr/v4/Tool.java","105","0","7","31","619","834","1"
"8d9cae93ec5e52e084d0a09d9b807b4f814aa846","runtime/Java/src/org/antlr/v4/runtime/atn/ATNSerializer.java","108","0","2","8","446","575","0"
"511c60fe7bee7a4fe94a84c64627626909054490","tool/src/org/antlr/v4/Tool.java","108","0","8","30","637","860","1"
"17128d64869d43582bccd523f32463d2edaaffc7","runtime/Java/src/org/antlr/v4/runtime/misc/IntervalSet.java","109","0","17","20","507","711","0"
"6701202f66c6a3bc0825f3cf68c47ed11ba44cbb","runtime/Java/src/org/antlr/v4/runtime/misc/IntervalSet.java","109","0","17","20","507","711","0"
"156696be189bdf3929343fb4bea9b4fbe4a90063","tool/src/org/antlr/v4/parse/TokenVocabParser.java","11","0","3","1","106","161","0"
"3e054df98b9e8f0e154e0a1b886c7947e5c00e88","tool/src/org/antlr/v4/Tool.java","110","0","8","30","637","860","0"
"b4a53d56d4324739e823344237c4d7fdf6cac90c","tool/src/org/antlr/v4/Tool.java","112","0","8","30","647","873","1"
"8af00801037d3b8933f29d0903daac3e9c05349e","tool/src/org/antlr/v4/automata/LexerATNFactory.java","114","0","2","14","681","797","0"
"9519bfc36fcab155a4c37fbb32e5e83e02d58a6f","tool/src/org/antlr/v4/automata/LexerATNFactory.java","114","0","2","14","681","798","0"
"bb389782da9fe9a9a1c56c31a5af4f61c39c31fb","tool/src/org/antlr/v4/Tool.java","114","0","8","30","657","884","0"
"78155af499f821f91328ef68f7d6151bc43fd168","runtime/Java/src/org/antlr/v4/runtime/atn/ATNState.java","12","0","1","14","107","232","0"
"29c2712ae1eee9575324db48c2f72c7cb0d28308","tool/test/org/antlr/v4/test/tool/TestCodeGeneration.java","12","0","1","5","111","163","0"
"9ef75603ce1edf335c198a6299fd86cdd8f48fcb","runtime/Java/src/org/antlr/v4/runtime/CommonTokenStream.java","12","0","4","1","52","121","1"
"8d9c7d280151916826db9f953d6b49e0c4eb1f00","runtime/Java/src/org/antlr/v4/runtime/dfa/DFA.java","12","0","6","6","104","231","0"
"b4a53d56d4324739e823344237c4d7fdf6cac90c","tool/src/org/antlr/v4/tool/Grammar.java","120","0","33","38","731","1142","1"
"bb389782da9fe9a9a1c56c31a5af4f61c39c31fb","tool/src/org/antlr/v4/tool/Grammar.java","120","0","33","38","732","1143","0"
"815a1ad02570de6f567dbb3ac40ad9968d3d88b4","runtime/Java/src/org/antlr/v4/runtime/atn/ATNDeserializer.java","123","0","1","3","504","729","0"
"8d9cae93ec5e52e084d0a09d9b807b4f814aa846","runtime/Java/src/org/antlr/v4/runtime/atn/ATNDeserializer.java","125","0","1","3","510","737","0"
"7f577d92090ccfd7e945040ef96da8d09d2211c7","tool/src/org/antlr/v4/tool/Grammar.java","127","0","38","38","779","1261","1"
"0a7e90fe8e5edd548432677f8fbf3e6d1888961d","runtime/Java/src/org/antlr/v4/runtime/CommonTokenStream.java","13","0","4","1","52","121","0"
"e8c6dc4e394f895fb5b29b3cb1ce7da6066d4231","runtime/Java/src/org/antlr/v4/runtime/dfa/DFA.java","13","0","6","6","107","228","0"
"4f0f361d93a6913f58e1169baa9cef249b7aee6d","tool/src/org/antlr/v4/tool/Grammar.java","136","0","41","38","819","1328","0"
"39ddd0da3a503fe96e94f1a01558384b14c7a36e","tool/src/org/antlr/v4/tool/Grammar.java","138","0","41","40","836","1345","1"
"c7a68514b571bbf49440972e4841817c749cdf52","tool/src/org/antlr/v4/tool/Grammar.java","139","0","41","40","841","1350","0"
"bb389782da9fe9a9a1c56c31a5af4f61c39c31fb","tool/src/org/antlr/v4/codegen/model/ElementFrequenciesVisitor.java","14","0","1","4","107","167","0"
"29c2712ae1eee9575324db48c2f72c7cb0d28308","tool/test/org/antlr/v4/test/tool/TestGraphNodes.java","16","0","1","43","803","907","0"
"507f331bd08bc01c213822508d18bbc4ba769db4","runtime/Java/src/org/antlr/v4/runtime/misc/Utils.java","16","0","1","6","78","121","1"
"8e32d7b695fc26b81833c18a4d70e73a1da1f5e3","tool/src/org/antlr/v4/analysis/LeftRecursiveRuleTransformer.java","16","0","3","3","151","242","1"
"f143495ab2efb743c4c719546d8f3cc70b22df9d","runtime/Java/src/org/antlr/v4/runtime/ANTLRInputStream.java","16","0","7","16","144","247","1"
"9ccdca49bb674ba324b09e74b40c0540147003aa","tool/src/org/antlr/v4/analysis/LeftRecursiveRuleTransformer.java","17","0","3","3","154","246","0"
"7f577d92090ccfd7e945040ef96da8d09d2211c7","tool/src/org/antlr/v4/analysis/LeftRecursiveRuleTransformer.java","17","0","3","3","168","269","1"
"b5907498de5766db27f4f3140c67d2784c945f00","tool/src/org/antlr/v4/analysis/LeftRecursiveRuleTransformer.java","17","0","3","3","172","277","0"
"90071c69b850a0f3c79d7a67b3b51f51af61bb80","runtime/Java/src/org/antlr/v4/runtime/ANTLRInputStream.java","18","0","7","16","147","251","0"
"6de95c15e73d7bb092b1519405cd0f1859e63e8b","runtime/Java/src/org/antlr/v4/runtime/atn/ParserATNSimulator.java","199","0","3","9","907","1764","0"
"29c2712ae1eee9575324db48c2f72c7cb0d28308","tool/test/org/antlr/v4/test/rt/gen/LexerTestMethod.java","2","0","0","2","13","18","0"
"29c2712ae1eee9575324db48c2f72c7cb0d28308","tool/test/org/antlr/v4/test/tool/TestScopeParsing.java","2","0","0","2","31","68","0"
"29c2712ae1eee9575324db48c2f72c7cb0d28308","tool/test/org/antlr/v4/test/rt/gen/TestMethod.java","2","0","0","3","26","35","0"
"29c2712ae1eee9575324db48c2f72c7cb0d28308","tool/test/org/antlr/v4/test/tool/TestAttributeChecks.java","2","0","1","11","214","274","0"
"fab3a8310752dd71ec9e06ff5b043aca54a95110","tool/test/org/antlr/v4/test/TestAttributeChecks.java","2","0","1","11","214","274","0"
"8e32d7b695fc26b81833c18a4d70e73a1da1f5e3","tool/test/org/antlr/v4/test/TestLeftRecursion.java","2","0","1","12","334","394","2"
"9ccdca49bb674ba324b09e74b40c0540147003aa","tool/test/org/antlr/v4/test/TestLeftRecursion.java","2","0","1","13","347","408","1"
"29c2712ae1eee9575324db48c2f72c7cb0d28308","tool/test/org/antlr/v4/test/tool/TestASTStructure.java","2","0","1","42","284","407","0"
"2ffb12028a9eefcf7fa4bc617e10e05eb3c05d5c","runtime/Java/src/org/antlr/v4/runtime/FailedPredicateException.java","2","0","1","6","45","90","1"
"e0e6e0a94c09b6a2a3528bd7f30d0514e6964418","runtime/Java/src/org/antlr/v4/runtime/FailedPredicateException.java","2","0","1","6","46","92","0"
"6fe7154c44950af59da3ca393e8b2f2aaec151b1","tool/test/org/antlr/v4/test/TestLeftRecursion.java","2","0","2","14","382","452","2"
"507f331bd08bc01c213822508d18bbc4ba769db4","tool/test/org/antlr/v4/test/TestLeftRecursion.java","2","0","2","14","382","452","1"
"cd73c212fbe3a94213c456a7a0a1470111b39acf","tool/test/org/antlr/v4/test/TestLeftRecursion.java","2","0","3","14","444","522","1"
"6790b25e5b2b1cd9d8db663eafad781a913008fe","tool/test/org/antlr/v4/test/TestLexerExec.java","2","0","4","34","580","689","2"
"e497efaa5873301b765bf187ee34c1cec88e8d25","tool/test/org/antlr/v4/test/TestLexerExec.java","2","0","4","34","580","691","1"
"be16c71e56206b3566c49508dce79178dd900172","tool/test/org/antlr/v4/test/TestLeftRecursion.java","2","0","5","14","481","573","2"
"e7a1d84197d7d8941587b15b6ac3fb5d932fa08a","tool/test/org/antlr/v4/test/TestLeftRecursion.java","2","0","5","15","497","590","1"
"9cbf47319545a9ba057318e4637c8b85d4301d72","tool/test/org/antlr/v4/test/TestLeftRecursion.java","2","0","7","15","532","637","1"
"a812c32a227de589abb37333c2241aca06fd94a9","tool/test/org/antlr/v4/test/TestLeftRecursion.java","2","0","7","15","532","637","1"
"69d4b423e1e979ea944bfefb65f5b04bb8708029","runtime/Java/src/org/antlr/v4/runtime/atn/ParserATNSimulator.java","202","0","3","9","932","1799","0"
"156696be189bdf3929343fb4bea9b4fbe4a90063","tool/src/org/antlr/v4/tool/BuildDependencyGenerator.java","21","0","4","6","143","274","0"
"fdc46c53e6d885307d0ff3f8ceea5474267d1f64","tool/src/org/antlr/v4/tool/BuildDependencyGenerator.java","21","0","4","6","144","275","1"
"b175d7b2230ed4786ce4d4284b18c4f4121a690f","runtime/Java/src/org/antlr/v4/runtime/atn/ParserATNSimulator.java","213","0","3","9","969","1891","0"
"857c40318f3349ddf54c2e1adda7a698ba44b965","runtime/Java/src/org/antlr/v4/runtime/atn/ParserATNSimulator.java","213","0","3","9","970","1891","0"
"e8c6dc4e394f895fb5b29b3cb1ce7da6066d4231","runtime/Java/src/org/antlr/v4/runtime/atn/ParserATNSimulator.java","214","0","4","10","969","2040","0"
"63b5e61c15ce1975002d7ca7f5ad1e2bbbc9216d","runtime/Java/src/org/antlr/v4/runtime/atn/ParserATNSimulator.java","214","0","4","10","972","2044","0"
"8d9c7d280151916826db9f953d6b49e0c4eb1f00","runtime/Java/src/org/antlr/v4/runtime/atn/ParserATNSimulator.java","217","0","4","10","974","2051","0"
"fab3a8310752dd71ec9e06ff5b043aca54a95110","tool/src/org/antlr/v4/tool/Alternative.java","22","0","4","6","87","164","0"
"7525bb6e1dd6d8f68796789dc5f48a6108e7fef6","runtime/Java/src/org/antlr/v4/runtime/atn/ParserATNSimulator.java","227","0","9","22","873","1436","1"
"05f4b76fab637e118dc3172f067c5f60ad131412","tool/src/org/antlr/v4/automata/LexerATNFactory.java","23","0","2","12","223","293","1"
"735b40431dd0359b372bf284da3af55154826e33","tool/src/org/antlr/v4/codegen/target/JavaScriptTarget.java","23","0","2","9","132","235","0"
"29c2712ae1eee9575324db48c2f72c7cb0d28308","tool/test/org/antlr/v4/test/tool/TestPerformance.java","238","0","1","7","1499","2033","0"
"29c2712ae1eee9575324db48c2f72c7cb0d28308","runtime/Java/src/org/antlr/v4/runtime/misc/Utils.java","24","0","2","11","151","205","0"
"551100ea375bd3db4183ef3619c6f1e86bed5388","tool/src/org/antlr/v4/automata/LexerATNFactory.java","25","0","2","12","231","303","0"
"91752af88de29d5fe48fdb073b889095d1ed3c2d","tool/src/org/antlr/v4/tool/Alternative.java","25","0","4","6","92","169","1"
"661c87b47ceca09488c047acb638362670e3ded0","runtime-testsuite/test/org/antlr/v4/test/runtime/BaseRuntimeTest.java","25","0","4","7","257","317","1"
"3cbc2af0cc1f1c97f518b11b74294fa9cce05078","runtime-testsuite/test/org/antlr/v4/test/runtime/BaseRuntimeTest.java","25","0","4","7","257","318","0"
"507f331bd08bc01c213822508d18bbc4ba769db4","tool/src/org/antlr/v4/codegen/Target.java","25","0","8","14","222","359","1"
"8af00801037d3b8933f29d0903daac3e9c05349e","tool/src/org/antlr/v4/misc/EscapeSequenceParsing.java","26","0","2","6","136","172","0"
"9519bfc36fcab155a4c37fbb32e5e83e02d58a6f","tool/src/org/antlr/v4/misc/EscapeSequenceParsing.java","26","0","2","6","151","187","0"
"dc2c9b039e1497ad924c852e07f3a8f981ed078b","tool/src/org/antlr/v4/codegen/ActionTranslator.java","28","0","1","12","255","312","1"
"507f331bd08bc01c213822508d18bbc4ba769db4","tool/src/org/antlr/v4/codegen/JavaTarget.java","28","0","1","4","110","192","1"
"53678867ca61ffb4aa79298b40efcc74bebf952c","tool/src/org/antlr/v4/codegen/target/JavaScriptTarget.java","28","0","2","9","136","240","0"
"6c2d4e6225f4ee5fd2b197a794b4eb0e65e84cf1","tool/src/org/antlr/v4/codegen/ActionTranslator.java","29","0","1","12","262","320","0"
"fdc46c53e6d885307d0ff3f8ceea5474267d1f64","tool/test/org/antlr/v4/test/TestParserProfiler.java","3","0","0","12","185","254","1"
"0c0fd67082d8f807c9bedabba4c99cdebf6d1de8","tool/test/org/antlr/v4/test/TestParserProfiler.java","3","0","0","13","209","281","0"
"29c2712ae1eee9575324db48c2f72c7cb0d28308","tool/test/org/antlr/v4/test/tool/TestParserProfiler.java","3","0","0","13","210","282","0"
"507f331bd08bc01c213822508d18bbc4ba769db4","tool/src/org/antlr/v4/codegen/model/SerializedATN.java","3","0","0","2","19","55","1"
"29c2712ae1eee9575324db48c2f72c7cb0d28308","tool/test/org/antlr/v4/test/tool/TestActionSplitter.java","3","0","0","3","46","83","0"
"29c2712ae1eee9575324db48c2f72c7cb0d28308","tool/test/org/antlr/v4/test/rt/gen/Grammar.java","3","0","0","4","42","52","0"
"29c2712ae1eee9575324db48c2f72c7cb0d28308","tool/test/org/antlr/v4/test/tool/TestBufferedTokenStream.java","3","0","0","6","122","181","0"
"2ffb12028a9eefcf7fa4bc617e10e05eb3c05d5c","runtime/Java/src/org/antlr/v4/runtime/LexerNoViableAltException.java","3","0","0","6","39","81","1"
"e0e6e0a94c09b6a2a3528bd7f30d0514e6964418","runtime/Java/src/org/antlr/v4/runtime/LexerNoViableAltException.java","3","0","0","6","40","83","0"
"507f331bd08bc01c213822508d18bbc4ba769db4","tool/test/org/antlr/v4/test/TestLexerExec.java","3","0","1","39","628","723","1"
"ce5fb52989459843c37c510b940cc498cb61c25e","tool/src/org/antlr/v4/codegen/target/GoTarget.java","3","0","1","9","87","122","1"
"1cfb3755b2ed21d691c2c8b16cc23754701a5b2b","runtime/Java/src/org/antlr/v4/runtime/tree/AbstractParseTreeVisitor.java","3","0","4","1","39","164","1"
"b3d3235614fe6e47d6a222bacacee543181e7551","runtime/Java/src/org/antlr/v4/runtime/tree/AbstractParseTreeVisitor.java","3","0","4","1","39","168","0"
"cbef19c2b68fccdc83eb9807fe0b56f12825bddd","tool/src/org/antlr/v4/codegen/ActionTranslator.java","30","0","1","12","268","325","1"
"43b04f02f6526653aa80ce914778a60d3c04f94f","tool/src/org/antlr/v4/tool/ast/GrammarAST.java","30","0","5","19","169","250","0"
"b80c10c56ce341fe7d4828b38a16b443ec98680f","tool/src/org/antlr/v4/tool/ast/GrammarAST.java","30","0","5","19","174","255","1"
"f143495ab2efb743c4c719546d8f3cc70b22df9d","runtime/Java/src/org/antlr/v4/runtime/UnbufferedCharStream.java","30","0","6","10","179","329","1"
"b78e0e9c1e3c64798cd23e4c5efcbe94139edef4","tool/src/org/antlr/v4/codegen/ActionTranslator.java","32","0","1","12","268","325","0"
"90071c69b850a0f3c79d7a67b3b51f51af61bb80","runtime/Java/src/org/antlr/v4/runtime/UnbufferedCharStream.java","32","0","6","10","182","333","0"
"9e5cda85edba2cd2acbbf352c428c6a84c8c8524","runtime/Java/src/org/antlr/v4/runtime/ParserRuleContext.java","34","0","9","14","157","302","0"
"94bb7c0af3d910a0c63abc5df0efc52ebcaddfe3","runtime/Java/src/org/antlr/v4/runtime/ParserRuleContext.java","34","0","9","14","164","309","0"
"661c87b47ceca09488c047acb638362670e3ded0","runtime/Java/src/org/antlr/v4/runtime/ParserRuleContext.java","35","0","9","14","162","283","1"
"bd4200bb89f069b4cfb04a2d3fb64c102b706cba","tool/src/org/antlr/v4/gui/TreeViewer.java","36","0","2","36","567","765","1"
"bb389782da9fe9a9a1c56c31a5af4f61c39c31fb","tool/src/org/antlr/v4/codegen/model/RuleFunction.java","36","0","4","4","221","290","0"
"99f818b5299e20d93de320d26fc844ca3917ea3f","tool/src/org/antlr/v4/gui/TreeViewer.java","37","0","2","36","569","767","0"
"f14cce653904adad2e3e551b17eafc1830418370","antlr4-maven-plugin/src/main/java/org/antlr/mojo/antlr4/Antlr4Mojo.java","37","0","2","4","265","507","0"
"7525bb6e1dd6d8f68796789dc5f48a6108e7fef6","runtime/Java/src/org/antlr/v4/runtime/DefaultErrorStrategy.java","38","0","7","16","288","585","1"
"df142794f601959e4f107417dd4b1082cee9f503","runtime/Java/src/org/antlr/v4/runtime/DefaultErrorStrategy.java","38","0","8","0","256","734","1"
"63b5e61c15ce1975002d7ca7f5ad1e2bbbc9216d","runtime/Java/src/org/antlr/v4/runtime/DefaultErrorStrategy.java","38","0","8","0","256","758","0"
"1d066e0a6be25c01f5c25760c34d81c46636e12f","runtime/Java/src/org/antlr/v4/runtime/DefaultErrorStrategy.java","38","0","8","0","259","737","0"
"3cbc2af0cc1f1c97f518b11b74294fa9cce05078","runtime/Java/src/org/antlr/v4/runtime/ParserRuleContext.java","38","0","9","14","171","303","0"
"38739cec5e18a3f9cab9a408b3d9f8fa8c01029e","antlr4-maven-plugin/src/main/java/org/antlr/mojo/antlr4/Antlr4Mojo.java","39","0","2","4","268","510","0"
"29c2712ae1eee9575324db48c2f72c7cb0d28308","tool/test/org/antlr/v4/test/tool/ErrorQueue.java","4","0","0","10","62","109","0"
"29c2712ae1eee9575324db48c2f72c7cb0d28308","tool/test/org/antlr/v4/test/rt/gen/TestFile.java","4","0","0","11","86","102","0"
"29c2712ae1eee9575324db48c2f72c7cb0d28308","tool/src/org/antlr/v4/codegen/model/SerializedATN.java","4","0","0","3","28","66","0"
"6e869b3e806ab199158bb10e835a28b9205687c8","tool/test/org/antlr/v4/test/TestTokenPositionOptions.java","4","0","0","4","134","180","0"
"77a7bda1276f127c2738120399568fd9286fc579","tool/test/org/antlr/v4/test/TestTokenPositionOptions.java","4","0","0","4","134","180","0"
"29c2712ae1eee9575324db48c2f72c7cb0d28308","tool/test/org/antlr/v4/test/rt/gen/CompositeLexerTestMethod.java","4","0","0","4","26","36","0"
"29c2712ae1eee9575324db48c2f72c7cb0d28308","tool/test/org/antlr/v4/test/rt/gen/CompositeParserTestMethod.java","4","0","0","4","27","37","0"
"29c2712ae1eee9575324db48c2f72c7cb0d28308","tool/src/org/antlr/v4/codegen/JavaTarget.java","4","0","0","5","68","125","0"
"2ffb12028a9eefcf7fa4bc617e10e05eb3c05d5c","runtime/Java/src/org/antlr/v4/runtime/atn/ATNState.java","4","0","1","13","88","210","1"
"e0e6e0a94c09b6a2a3528bd7f30d0514e6964418","runtime/Java/src/org/antlr/v4/runtime/atn/ATNState.java","4","0","1","13","89","211","0"
"b4a53d56d4324739e823344237c4d7fdf6cac90c","tool/test/org/antlr/v4/test/TestATNConstruction.java","4","0","1","26","437","936","1"
"bb389782da9fe9a9a1c56c31a5af4f61c39c31fb","tool/test/org/antlr/v4/test/TestATNConstruction.java","4","0","1","26","447","947","0"
"3ba70ba1a72550fd05c46aadaaf7a7a3efd6014e","antlr4-maven-plugin/src/main/java/org/antlr/mojo/antlr4/Antlr4ErrorLog.java","4","0","5","0","40","110","0"
"f645e175ad69cf53be87b90cdfe80a7d952b3249","tool/src/org/antlr/v4/semantics/SemanticPipeline.java","40","0","1","2","164","300","2"
"507f331bd08bc01c213822508d18bbc4ba769db4","tool/src/org/antlr/v4/codegen/OutputModelController.java","40","0","4","42","360","486","0"
"b5907498de5766db27f4f3140c67d2784c945f00","tool/src/org/antlr/v4/semantics/SemanticPipeline.java","41","0","1","2","166","301","0"
"e575dc40e3ef70642c5eeff18b4c13fdb7d81bd1","tool/test/org/antlr/v4/test/JavaUnicodeInputStream.java","42","0","1","10","181","257","1"
"d09276d9fd5f8493229f2f715c66a861c8767048","tool/src/org/antlr/v4/semantics/SemanticPipeline.java","42","0","1","2","171","308","1"
"507f331bd08bc01c213822508d18bbc4ba769db4","tool/src/org/antlr/v4/semantics/SymbolChecks.java","42","0","3","7","203","296","1"
"7f029a3c80e833bfbcd2009b63c3dd6b9d02ea58","tool/src/org/antlr/v4/codegen/OutputModelController.java","42","0","4","42","362","491","0"
"fe5f93a0f49c9baca453ded501f9fee4b42f3fa8","tool/src/org/antlr/v4/tool/GrammarTransformPipeline.java","42","0","5","4","267","401","1"
"4fc32e1f7cd9882c13ad5a945bd378d4f117eb47","tool/src/org/antlr/v4/tool/GrammarTransformPipeline.java","42","0","5","4","269","403","0"
"dc2c9b039e1497ad924c852e07f3a8f981ed078b","tool/src/org/antlr/v4/semantics/SemanticPipeline.java","43","0","1","2","173","310","0"
"961f68c8655d534586cbce49b0bc035ddd986f1f","tool/src/org/antlr/v4/semantics/SymbolChecks.java","43","0","3","7","206","300","0"
"ccda6205e61cfbc2491ebbfae1c85397a6057638","tool/src/org/antlr/v4/semantics/SymbolChecks.java","43","0","3","7","207","301","1"
"82330a8a785e340e5d7bdef5cee9c3399fb41623","tool/test/org/antlr/v4/test/JavaUnicodeInputStream.java","44","0","1","10","191","268","0"
"29c2712ae1eee9575324db48c2f72c7cb0d28308","tool/test/org/antlr/v4/test/tool/JavaUnicodeInputStream.java","44","0","1","10","191","268","0"
"08300b457fc1edb24f8c11fc8e7f28b47402ed41","tool/src/org/antlr/v4/semantics/SymbolChecks.java","45","0","3","7","219","315","0"
"fab3a8310752dd71ec9e06ff5b043aca54a95110","tool/src/org/antlr/v4/tool/Rule.java","47","0","5","21","247","363","0"
"4b7873783df3f213e5c833cf328ff12e49d2e6fb","tool/src/org/antlr/v4/tool/GrammarTransformPipeline.java","47","0","5","5","298","440","1"
"b4a53d56d4324739e823344237c4d7fdf6cac90c","tool/src/org/antlr/v4/codegen/model/RuleFunction.java","49","0","4","4","319","443","1"
"91752af88de29d5fe48fdb073b889095d1ed3c2d","tool/src/org/antlr/v4/tool/Rule.java","49","0","5","21","251","367","1"
"29c2712ae1eee9575324db48c2f72c7cb0d28308","tool/test/org/antlr/v4/test/tool/ParserInterpreterForTesting.java","5","0","0","12","88","133","0"
"fdc46c53e6d885307d0ff3f8ceea5474267d1f64","tool/src/org/antlr/v4/codegen/model/VisitorFile.java","5","0","0","2","38","74","1"
"00f95b4a294e0b22bb5c85ccd6e7d87089c20273","tool/src/org/antlr/v4/codegen/model/VisitorFile.java","5","0","0","2","41","85","0"
"1a56da626f87f4dd2e1417a3893d9800be9884f3","tool/test/org/antlr/v4/test/TestXPath.java","5","0","0","9","196","226","0"
"aa9bceaa7b93cab9b8dc394ca8958e586f7fd00d","tool/test/org/antlr/v4/test/TestXPath.java","5","0","0","9","214","244","0"
"fdc46c53e6d885307d0ff3f8ceea5474267d1f64","tool/src/org/antlr/v4/codegen/model/ListenerFile.java","5","0","1","1","38","77","1"
"00f95b4a294e0b22bb5c85ccd6e7d87089c20273","tool/src/org/antlr/v4/codegen/model/ListenerFile.java","5","0","1","1","41","88","0"
"1aa3c957ebb6f7060decbd78a1be62c67da2619c","runtime/Java/src/org/antlr/v4/runtime/atn/ATNState.java","5","0","1","14","95","230","1"
"b4a53d56d4324739e823344237c4d7fdf6cac90c","tool/src/org/antlr/v4/semantics/SymbolCollector.java","5","0","1","19","130","199","1"
"bb389782da9fe9a9a1c56c31a5af4f61c39c31fb","tool/src/org/antlr/v4/semantics/SymbolCollector.java","5","0","1","20","137","208","0"
"f78f6ceef06b0e90c6901020316311cd5a43cde3","tool/src/org/antlr/v4/tool/GrammarTransformPipeline.java","51","0","5","5","312","460","0"
"29c2712ae1eee9575324db48c2f72c7cb0d28308","tool/src/org/antlr/v4/codegen/Target.java","54","0","13","15","319","521","0"
"b7e5bfcbf8c9a773b9a5eb7d36a5d790241e89d6","tool/src/org/antlr/v4/analysis/LeftRecursiveRuleAnalyzer.java","56","0","6","13","318","435","1"
"aa909ddcb16ed74f571f5468380076675e730117","tool/src/org/antlr/v4/semantics/SymbolChecks.java","57","0","3","8","244","319","1"
"633d4e2e19ab176aaf3edabc67eebe5ecd0a43e0","runtime/Java/src/org/antlr/v4/runtime/BufferedTokenStream.java","58","0","10","19","284","480","1"
"c695ed25e9e716af0e33823a4e9d9b93a2b1bf02","runtime/Java/src/org/antlr/v4/runtime/TokenStreamRewriter.java","58","0","8","27","325","605","1"
"cb396a5047847805ce6ac2e7682dd32d5194283e","runtime/Java/src/org/antlr/v4/runtime/TokenStreamRewriter.java","58","0","8","27","337","598","0"
"507f331bd08bc01c213822508d18bbc4ba769db4","tool/src/org/antlr/v4/automata/ATNSerializer.java","59","0","2","7","295","388","1"
"85c145eff9d1bcef9149e54852a35299ca186fb2","tool/src/org/antlr/v4/analysis/LeftRecursiveRuleAnalyzer.java","59","0","6","13","325","447","0"
"29c2712ae1eee9575324db48c2f72c7cb0d28308","tool/test/org/antlr/v4/test/tool/TestATNConstruction.java","6","0","1","27","479","980","0"
"29c2712ae1eee9575324db48c2f72c7cb0d28308","tool/test/org/antlr/v4/test/tool/TestFastQueue.java","6","0","1","6","94","135","0"
"1aa3c957ebb6f7060decbd78a1be62c67da2619c","tool-testsuite/test/org/antlr/v4/test/tool/TestATNConstruction.java","6","0","2","28","535","746","1"
"78155af499f821f91328ef68f7d6151bc43fd168","tool-testsuite/test/org/antlr/v4/test/tool/TestATNConstruction.java","6","0","2","29","549","760","0"
"c695ed25e9e716af0e33823a4e9d9b93a2b1bf02","tool-testsuite/test/org/antlr/v4/test/tool/TestTokenStreamRewriter.java","6","0","2","42","805","916","1"
"8b75e3fc5bd28e5ee45fb30531c4ee762250c02e","runtime/Java/src/org/antlr/v4/runtime/BufferedTokenStream.java","61","0","10","19","290","483","1"
"bcde6f923a891d08a3308f4a37acaf90c46b878c","runtime/Java/src/org/antlr/v4/runtime/BufferedTokenStream.java","61","0","10","19","291","484","1"
"3506dcef1d7bfb5389ae8de2a29fd94bfad9a489","runtime/Java/src/org/antlr/v4/runtime/BufferedTokenStream.java","61","0","10","19","292","510","2"
"e311ec63b44694f30923858cf77dbde7f327b89e","runtime/Java/src/org/antlr/v4/runtime/BufferedTokenStream.java","61","0","10","19","299","512","0"
"633a2df710d733e5721fbf3e4a743047e4920700","runtime/Java/src/org/antlr/v4/runtime/BufferedTokenStream.java","61","0","11","18","292","492","0"
"8af00801037d3b8933f29d0903daac3e9c05349e","tool/src/org/antlr/v4/codegen/Target.java","61","0","20","15","375","583","0"
"9519bfc36fcab155a4c37fbb32e5e83e02d58a6f","tool/src/org/antlr/v4/codegen/Target.java","62","0","20","15","377","585","0"
"385e96784db04a18cb7c8ff7edb6ea85a29cdbaf","tool/src/org/antlr/v4/semantics/SymbolChecks.java","68","0","3","8","300","382","0"
"29c2712ae1eee9575324db48c2f72c7cb0d28308","tool/test/org/antlr/v4/test/rt/gen/Generator.java","7","0","0","4","1238","1420","0"
"29c2712ae1eee9575324db48c2f72c7cb0d28308","tool/test/org/antlr/v4/test/tool/TestATNInterpreter.java","7","0","1","19","333","410","0"
"17128d64869d43582bccd523f32463d2edaaffc7","runtime/Java/src/org/antlr/v4/runtime/RuntimeMetaData.java","7","0","11","0","69","321","0"
"6701202f66c6a3bc0825f3cf68c47ed11ba44cbb","runtime/Java/src/org/antlr/v4/runtime/RuntimeMetaData.java","7","0","11","0","69","321","0"
"2ffb12028a9eefcf7fa4bc617e10e05eb3c05d5c","runtime/Java/src/org/antlr/v4/runtime/tree/gui/PostScriptDocument.java","7","0","3","16","141","212","1"
"e0e6e0a94c09b6a2a3528bd7f30d0514e6964418","runtime/Java/src/org/antlr/v4/runtime/tree/gui/PostScriptDocument.java","7","0","3","16","142","213","0"
"34f0c66a89abfa6d843c34d2f5ed9478a0ed7ef5","runtime/Java/src/org/antlr/v4/runtime/misc/Array2DHashSet.java","71","0","2","23","378","527","1"
"883e013cc6a6202b34545f465e3ed80e24f2da04","runtime/Java/src/org/antlr/v4/runtime/misc/Array2DHashSet.java","71","0","2","23","379","528","0"
"2ffb12028a9eefcf7fa4bc617e10e05eb3c05d5c","runtime/Java/src/org/antlr/v4/runtime/atn/ATNSimulator.java","73","0","0","10","300","443","1"
"e0e6e0a94c09b6a2a3528bd7f30d0514e6964418","runtime/Java/src/org/antlr/v4/runtime/atn/ATNSimulator.java","73","0","0","10","301","444","0"
"2da28ee5b23aa18d907625cde54cf7d71cd68801","runtime/Java/src/org/antlr/v4/runtime/Parser.java","73","0","33","34","548","1048","0"
"965a50e82ebc0594c388a569168ef1afff56299c","runtime/Java/src/org/antlr/v4/runtime/Parser.java","73","0","33","34","548","1048","0"
"8f2eca5ae1e35930a8c84891ed429f8ef00a7ed7","runtime/Java/src/org/antlr/v4/runtime/Parser.java","74","0","33","34","552","1040","1"
"9e5cda85edba2cd2acbbf352c428c6a84c8c8524","runtime/Java/src/org/antlr/v4/runtime/Parser.java","75","0","33","35","556","1060","0"
"9e5cda85edba2cd2acbbf352c428c6a84c8c8524","runtime/Java/src/org/antlr/v4/runtime/Parser.java","75","0","33","35","556","1060","0"
"94bb7c0af3d910a0c63abc5df0efc52ebcaddfe3","runtime/Java/src/org/antlr/v4/runtime/Parser.java","75","0","33","35","560","1064","0"
"b2af59e73e7e96ea142cbb43e0d378449ddd960c","tool/src/org/antlr/v4/semantics/BasicSemanticChecks.java","78","0","2","16","425","582","2"
"2ffb12028a9eefcf7fa4bc617e10e05eb3c05d5c","runtime/Java/src/org/antlr/v4/runtime/atn/LexerATNSimulator.java","78","0","3","13","455","713","1"
"e0e6e0a94c09b6a2a3528bd7f30d0514e6964418","runtime/Java/src/org/antlr/v4/runtime/atn/LexerATNSimulator.java","78","0","3","13","456","714","0"
"29c2712ae1eee9575324db48c2f72c7cb0d28308","tool/test/org/antlr/v4/test/tool/TestParseTreeMatcher.java","8","0","0","25","401","465","0"
"b4a53d56d4324739e823344237c4d7fdf6cac90c","tool/src/org/antlr/v4/semantics/RuleCollector.java","8","0","0","6","84","131","1"
"bb389782da9fe9a9a1c56c31a5af4f61c39c31fb","tool/src/org/antlr/v4/semantics/RuleCollector.java","8","0","0","7","91","139","0"
"29c2712ae1eee9575324db48c2f72c7cb0d28308","tool/test/org/antlr/v4/test/tool/TestATNParserPrediction.java","8","0","2","12","422","532","0"
"08300b457fc1edb24f8c11fc8e7f28b47402ed41","tool/src/org/antlr/v4/semantics/BasicSemanticChecks.java","80","0","2","17","442","608","1"
"ccda6205e61cfbc2491ebbfae1c85397a6057638","tool/src/org/antlr/v4/semantics/BasicSemanticChecks.java","80","0","2","17","442","608","1"
"b4b91970bdbaea2f4874d1d2054e3524a604a2ba","tool/src/org/antlr/v4/semantics/BasicSemanticChecks.java","81","0","2","17","445","613","0"
"b4a53d56d4324739e823344237c4d7fdf6cac90c","tool/src/org/antlr/v4/semantics/BasicSemanticChecks.java","82","0","2","17","449","617","1"
"bb389782da9fe9a9a1c56c31a5af4f61c39c31fb","tool/src/org/antlr/v4/semantics/BasicSemanticChecks.java","82","0","2","18","451","620","0"
"78427bae798f4e171fcc416cd796211e57ac45b8","tool/src/org/antlr/v4/semantics/BasicSemanticChecks.java","84","0","2","19","466","638","1"
"8bf480dcc5c6d146b4112dd347841c1ab80db787","tool/src/org/antlr/v4/semantics/BasicSemanticChecks.java","85","0","2","19","473","646","0"
"fdc46c53e6d885307d0ff3f8ceea5474267d1f64","tool/test/org/antlr/v4/test/BaseTest.java","90","0","4","47","1034","1332","2"
"0c0fd67082d8f807c9bedabba4c99cdebf6d1de8","tool/test/org/antlr/v4/test/BaseTest.java","90","0","4","47","1035","1333","0"
"156696be189bdf3929343fb4bea9b4fbe4a90063","tool/test/org/antlr/v4/test/BaseTest.java","90","0","4","47","1038","1336","1"
"ccda6205e61cfbc2491ebbfae1c85397a6057638","tool/src/org/antlr/v4/tool/Grammar.java","96","0","25","39","625","911","1"
"08300b457fc1edb24f8c11fc8e7f28b47402ed41","tool/src/org/antlr/v4/tool/Grammar.java","97","0","25","39","628","916","0"
"29c2712ae1eee9575324db48c2f72c7cb0d28308","tool/test/org/antlr/v4/test/tool/BaseTest.java","98","0","4","47","1069","1414","0"
"29c2712ae1eee9575324db48c2f72c7cb0d28308","tool/test/org/antlr/v4/test/rt/java/BaseTest.java","98","0","4","47","1070","1416","0"
