"Hash","LongName","CC","CCL","CCO","CI","CLC","CLLC","LDC","LLDC","LCOM5","NL","NLE","WMC","CBO","CBOI","NII","NOI","RFC","AD","CD","CLOC","DLOC","PDA","PUA","TCD","TCLOC","DIT","NOA","NOC","NOD","NOP","LLOC","LOC","NA","NG","NLA","NLG","NLM","NLPA","NLPM","NLS","NM","NOS","NPA","NPM","NS","TLLOC","TLOC","TNA","TNG","TNLA","TNLG","TNLM","TNLPA","TNLPM","TNLS","TNM","TNOS","TNPA","TNPM","TNS","WarningBlocker","WarningCritical","WarningInfo","WarningMajor","WarningMinor","Android Rules","Basic Rules","Brace Rules","Clone Implementation Rules","Code Size Rules","Comment Rules","Controversial Rules","Coupling Rules","Design Rules","Empty Code Rules","Finalizer Rules","Import Statement Rules","J2EE Rules","JUnit Rules","Jakarta Commons Logging Rules","Java Logging Rules","JavaBean Rules","MigratingToJUnit4 Rules","Migration Rules","Migration13 Rules","Migration14 Rules","Migration15 Rules","Naming Rules","Optimization Rules","Security Code Guideline Rules","Strict Exception Rules","String and StringBuffer Rules","Type Resolution Rules","Unnecessary and Unused Code Rules","Vulnerability Rules","Number of Bugs"
"dcb5e7982e71f76bf5aac5830e18c713839ff478","com.nostra13.universalimageloader.core.ImageLoadingInfo","0","0","0","0","0","0","0","0","0","0","0","1","3","4","1","0","1","0.5","0.333333","9","9","1","1","0.333333","9","0","0","0","0","0","18","20","7","0","7","0","1","0","1","0","1","7","0","1","0","18","20","7","0","7","0","1","0","1","0","1","7","0","1","0","0","0","0","0","7","0","0","0","0","0","0","7","0","0","0","0","0","0","0","0","0","0","0","0","0","0","0","0","0","0","0","0","0","0","0","1"
"56f4df896682733c9979b348e46ba77494851304","com.nostra13.universalimageloader.core.ImageLoadingInfo","0","0","0","0","0","0","0","0","0","0","0","1","4","4","1","0","1","0.5","0.333333","9","9","1","1","0.333333","9","0","0","0","0","0","18","20","7","0","7","0","1","0","1","0","1","7","0","1","0","18","20","7","0","7","0","1","0","1","0","1","7","0","1","0","0","0","0","0","7","0","0","0","0","0","0","7","0","0","0","0","0","0","0","0","0","0","0","0","0","0","0","0","0","0","0","0","0","0","0","0"
"a3a6db9ef3531b23100e8f786d87dcba833c60f8","com.nostra13.universalimageloader.core.download.HttpClientImageDownloader","0","0","0","0","0","0","0","0","0","0","0","2","1","0","0","1","3","0.5","0.285714","6","6","1","1","0.285714","6","2","2","0","0","1","15","18","10","8","1","1","2","0","1","0","12","7","2","4","0","15","18","10","8","1","1","2","0","1","0","12","7","2","4","0","0","0","0","0","1","0","0","0","0","0","0","0","0","1","0","0","0","0","0","0","0","0","0","0","0","0","0","0","0","0","0","0","0","0","0","0"
"300a0ea2f23b836dedeaf92774a2586e98e720b9","com.nostra13.universalimageloader.core.download.HttpClientImageDownloader","0","0","0","0","0","0","0","0","0","0","0","2","1","0","0","1","3","0.5","0.285714","6","6","1","1","0.285714","6","2","2","0","0","1","15","18","17","8","1","1","2","0","1","0","12","7","8","4","0","15","18","17","8","1","1","2","0","1","0","12","7","8","4","0","0","0","0","0","1","0","0","0","0","0","0","0","0","1","0","0","0","0","0","0","0","0","0","0","0","0","0","0","0","0","0","0","0","0","0","1"
"300a0ea2f23b836dedeaf92774a2586e98e720b9","com.nostra13.universalimageloader.core.download.NetworkDeniedImageDownloader","0","0","0","0","0","0","0","0","0","1","1","4","1","1","1","1","3","0.333333","0.318182","7","7","1","2","0.318182","7","1","1","0","0","1","15","18","7","1","1","1","2","0","2","0","2","5","6","2","0","15","18","7","1","1","1","2","0","2","0","2","5","6","2","0","0","0","0","0","0","0","0","0","0","0","0","0","0","0","0","0","0","0","0","0","0","0","0","0","0","0","0","0","0","0","0","0","0","0","0","1"
"a3a6db9ef3531b23100e8f786d87dcba833c60f8","com.nostra13.universalimageloader.core.download.NetworkDeniedImageDownloader","0","0","0","0","0","0","0","0","0","1","1","4","2","1","1","2","4","0.333333","0.304348","7","7","1","2","0.304348","7","1","1","0","0","1","16","19","1","1","1","1","2","0","2","0","2","4","0","2","0","16","19","1","1","1","1","2","0","2","0","2","4","0","2","0","0","0","0","0","0","0","0","0","0","0","0","0","0","0","0","0","0","0","0","0","0","0","0","0","0","0","0","0","0","0","0","0","0","0","0","0"
"300a0ea2f23b836dedeaf92774a2586e98e720b9","com.nostra13.universalimageloader.core.download.SlowNetworkImageDownloader","0","0","0","0","0","0","0","0","0","1","1","4","2","1","1","2","4","0.333333","0.318182","7","7","1","2","0.318182","7","1","1","0","0","1","15","18","7","1","1","1","2","0","2","0","2","6","6","2","0","15","18","7","1","1","1","2","0","2","0","2","6","6","2","0","0","0","0","0","0","0","0","0","0","0","0","0","0","0","0","0","0","0","0","0","0","0","0","0","0","0","0","0","0","0","0","0","0","0","0","1"
"a3a6db9ef3531b23100e8f786d87dcba833c60f8","com.nostra13.universalimageloader.core.download.SlowNetworkImageDownloader","0","0","0","0","0","0","0","0","0","1","1","4","3","1","1","3","5","0.333333","0.291667","7","7","1","2","0.291667","7","1","1","0","0","1","17","20","1","1","1","1","2","0","2","0","2","5","0","2","0","17","20","1","1","1","1","2","0","2","0","2","5","0","2","0","0","0","0","0","1","0","0","0","0","0","0","0","0","1","0","0","0","0","0","0","0","0","0","0","0","0","0","0","0","0","0","0","0","0","0","0"
"e8f9ebc38e6c3fc076355f6a942d559e14631e6f","com.nostra13.universalimageloader.utils.StorageUtils","0","0","0","0","0","0","0","0","0","2","2","14","1","1","1","0","5","1","0.392857","33","33","4","0","0.392857","33","0","0","0","0","0","51","85","1","4","1","4","5","0","3","0","5","28","0","3","0","51","85","1","4","1","4","5","0","3","0","5","28","0","3","0","0","0","0","0","4","0","1","0","0","0","0","0","0","1","0","0","2","0","0","0","0","0","0","0","0","0","0","0","0","0","0","0","0","0","0","1"
"af137e29c86dec1485397429e6a50f46d707bd42","com.nostra13.universalimageloader.utils.StorageUtils","0","0","0","0","0","0","0","0","0","2","2","15","1","1","1","0","5","1","0.383721","33","33","4","0","0.383721","33","0","0","0","0","0","53","87","1","4","1","4","5","0","3","0","5","29","0","3","0","53","87","1","4","1","4","5","0","3","0","5","29","0","3","0","0","0","0","0","5","0","2","0","0","0","0","0","0","1","0","0","2","0","0","0","0","0","0","0","0","0","0","0","0","0","0","0","0","0","0","0"
"734507d7e0b186bb5807590a434a970f5f829f1d","com.nostra13.universalimageloader.utils.StorageUtils","0","0","0","0","0","0","0","0","0","2","2","15","1","1","1","0","5","1","0.383721","33","33","4","0","0.383721","33","0","0","0","0","0","53","87","1","4","1","4","5","0","3","0","5","29","0","3","0","53","87","1","4","1","4","5","0","3","0","5","29","0","3","0","0","0","0","0","5","0","2","0","0","0","0","0","0","1","0","0","2","0","0","0","0","0","0","0","0","0","0","0","0","0","0","0","0","0","0","0"
"06f7fd069983eb75be78fc2eaa91335964e58b88","com.nostra13.universalimageloader.utils.StorageUtils","0","0","0","0","0","0","0","0","0","2","2","16","1","1","1","0","5","1","0.392857","33","33","4","0","0.392857","33","0","0","0","0","0","51","85","1","4","1","4","5","0","3","0","5","28","0","3","0","51","85","1","4","1","4","5","0","3","0","5","28","0","3","0","0","0","0","0","4","0","1","0","0","0","0","0","0","1","0","0","2","0","0","0","0","0","0","0","0","0","0","0","0","0","0","0","0","0","0","0"
"d810a95ef04e128ba234c8c99a51fc07290f371a","com.nostra13.universalimageloader.utils.StorageUtils","0","0","0","0","0","0","0","0","0","2","2","16","1","1","1","2","7","1","0.37037","30","30","4","0","0.37037","30","0","0","0","0","0","51","81","1","4","1","4","5","0","3","0","5","28","0","3","0","51","81","1","4","1","4","5","0","3","0","5","28","0","3","0","0","0","0","0","4","0","1","0","0","0","0","0","0","1","0","0","2","0","0","0","0","0","0","0","0","0","0","0","0","0","0","0","0","0","0","1"
"012f7df5768cd2dcbf689625e6abe5bcc7b1004b","com.nostra13.universalimageloader.utils.StorageUtils","0","0","0","0","0","0","0","0","0","2","2","17","1","1","1","2","7","1","0.360465","31","30","4","0","0.360465","31","0","0","0","0","0","55","85","1","4","1","4","5","0","3","0","5","31","0","3","0","55","85","1","4","1","4","5","0","3","0","5","31","0","3","0","0","0","0","0","4","0","1","0","0","0","0","0","0","1","0","0","2","0","0","0","0","0","0","0","0","0","0","0","0","0","0","0","0","0","0","0"
"ed7aac1d1b6bbb170374dc9dbdca67de2b1c0ed4","com.nostra13.universalimageloader.core.LoadAndDisplayImageTask$1","0","0","0","0","0","0","0","0","1","0","0","1","2","0","0","1","2","0","0","0","0","0","2","0","0","0","0","0","0","0","6","6","0","0","0","0","1","0","1","0","1","1","0","1","0","6","6","0","0","0","0","1","0","1","0","1","1","0","1","0","0","0","0","0","0","0","0","0","0","0","0","0","0","0","0","0","0","0","0","0","0","0","0","0","0","0","0","0","0","0","0","0","0","0","0","1"
"dcb5e7982e71f76bf5aac5830e18c713839ff478","com.nostra13.universalimageloader.core.LoadAndDisplayImageTask$2","0","0","0","0","0","0","0","0","1","0","0","1","2","0","0","1","2","0","0","0","0","0","2","0","0","0","0","0","0","0","6","6","0","0","0","0","1","0","1","0","1","1","0","1","0","6","6","0","0","0","0","1","0","1","0","1","1","0","1","0","0","0","0","0","0","0","0","0","0","0","0","0","0","0","0","0","0","0","0","0","0","0","0","0","0","0","0","0","0","0","0","0","0","0","0","1"
"ed7aac1d1b6bbb170374dc9dbdca67de2b1c0ed4","com.nostra13.universalimageloader.core.LoadAndDisplayImageTask$2","0","0","0","0","0","0","0","0","1","0","0","1","2","0","0","1","2","0","0","0","0","0","2","0","0","0","0","0","0","0","6","6","0","0","0","0","1","0","1","0","1","1","0","1","0","6","6","0","0","0","0","1","0","1","0","1","1","0","1","0","0","0","0","0","0","0","0","0","0","0","0","0","0","0","0","0","0","0","0","0","0","0","0","0","0","0","0","0","0","0","0","0","0","0","0","1"
"dcb5e7982e71f76bf5aac5830e18c713839ff478","com.nostra13.universalimageloader.core.display.SimpleBitmapDisplayer","0","0","0","0","0","0","0","0","1","0","0","1","2","1","0","0","1","0.5","0.461538","6","6","1","1","0.461538","6","1","1","0","0","1","7","7","0","0","0","0","1","0","1","0","1","2","0","1","0","7","7","0","0","0","0","1","0","1","0","1","2","0","1","0","0","0","0","0","0","0","0","0","0","0","0","0","0","0","0","0","0","0","0","0","0","0","0","0","0","0","0","0","0","0","0","0","0","0","0","1"
"56f4df896682733c9979b348e46ba77494851304","com.nostra13.universalimageloader.core.LoadAndDisplayImageTask$2","0","0","0","0","0","0","0","0","1","0","0","1","3","0","0","2","3","0","0","0","0","0","2","0","0","0","0","0","0","0","6","6","0","0","0","0","1","0","1","0","1","1","0","1","0","6","6","0","0","0","0","1","0","1","0","1","1","0","1","0","0","0","0","0","0","0","0","0","0","0","0","0","0","0","0","0","0","0","0","0","0","0","0","0","0","0","0","0","0","0","0","0","0","0","0","0"
"56f4df896682733c9979b348e46ba77494851304","com.nostra13.universalimageloader.core.display.SimpleBitmapDisplayer","0","0","0","0","0","0","0","0","1","0","0","1","3","1","0","1","2","0.5","0.461538","6","6","1","1","0.461538","6","1","1","0","0","1","7","7","0","0","0","0","1","0","1","0","1","2","0","1","0","7","7","0","0","0","0","1","0","1","0","1","2","0","1","0","0","0","0","0","0","0","0","0","0","0","0","0","0","0","0","0","0","0","0","0","0","0","0","0","0","0","0","0","0","0","0","0","0","0","0","0"
"1e169f67b2d5d02ed1a2e386285506e7bb29c3a9","com.nostra13.universalimageloader.core.imageaware.ImageNonViewAware","0","0","0","0","0","0","0","0","1","0","0","11","3","1","1","2","12","0.0909091","0.196429","11","9","1","10","0.196429","11","1","1","0","0","1","45","56","3","5","3","5","10","0","10","2","10","12","0","10","2","45","56","3","5","3","5","10","0","10","2","10","12","0","10","2","0","0","0","0","0","0","0","0","0","0","0","0","0","0","0","0","0","0","0","0","0","0","0","0","0","0","0","0","0","0","0","0","0","0","0","0"
"dcb5e7982e71f76bf5aac5830e18c713839ff478","com.nostra13.universalimageloader.core.ImageLoaderConfiguration","0","0","0","0","0","0","0","0","1","0","0","2","11","7","1","5","7","1","0.375","33","33","2","0","0.427957","199","0","0","0","0","0","55","93","24","0","24","0","2","0","1","0","2","25","0","1","0","266","512","57","0","57","0","24","3","22","0","24","131","3","22","0","0","0","0","0","67","0","0","8","0","0","0","24","0","2","0","0","0","0","0","0","0","0","0","0","0","0","0","12","21","0","0","0","0","0","0","1"
"062e3e2a3a6ce7329de28df77d19b849625ee11b","com.nostra13.universalimageloader.core.ImageLoaderConfiguration","0","0","0","0","0","0","0","0","1","0","0","2","6","5","1","2","4","1","0.457143","32","32","2","0","0.433908","151","0","0","0","0","0","38","70","15","0","15","0","2","0","1","0","2","16","0","1","0","197","375","45","0","45","0","22","3","20","0","22","104","3","20","0","0","0","0","0","68","0","0","26","0","0","0","15","0","2","0","0","0","0","0","0","0","0","0","0","0","0","0","10","15","0","0","0","0","0","0","1"
"8ba3407c3b781fbc714377e8b3845242741468d8","com.nostra13.universalimageloader.core.ImageLoaderConfiguration","0","0","0","0","0","0","0","0","1","0","0","2","6","5","1","2","4","1","0.457143","32","32","2","0","0.442815","151","0","0","0","0","0","38","70","15","0","15","0","2","0","1","0","2","16","0","1","0","190","368","45","0","45","0","22","3","20","0","22","99","3","20","0","0","0","0","0","68","0","0","26","0","0","0","15","0","2","0","0","0","0","0","0","0","0","0","0","0","0","0","10","15","0","0","0","0","0","0","0"
"e4c86729327074e1cf399e390206b69332371c07","com.nostra13.universalimageloader.core.ImageLoaderConfiguration","0","0","0","0","0","0","0","0","1","0","0","2","8","7","1","4","6","1","0.428571","33","33","2","0","0.426901","146","0","0","0","0","0","44","79","18","0","18","0","2","0","1","0","2","19","0","1","0","196","371","48","0","48","0","22","3","20","0","22","102","3","20","0","0","0","0","0","71","0","0","26","0","0","0","18","0","2","0","0","0","0","0","0","0","0","0","0","0","0","0","10","15","0","0","0","0","0","0","1"
"bbf3b71476e1c14c92edfa58adc6800b6dfb813b","com.nostra13.universalimageloader.core.ImageLoaderConfiguration","0","0","0","0","0","0","0","0","1","0","0","2","9","7","1","5","7","1","0.417722","33","33","2","0","0.424419","146","0","0","0","0","0","46","82","19","0","19","0","2","0","1","0","2","20","0","1","0","198","374","49","0","49","0","22","3","20","0","22","103","3","20","0","0","0","0","0","72","0","0","26","0","0","0","19","0","2","0","0","0","0","0","0","0","0","0","0","0","0","0","10","15","0","0","0","0","0","0","0"
"dcb5e7982e71f76bf5aac5830e18c713839ff478","com.nostra13.universalimageloader.core.display.FadeInBitmapDisplayer","0","0","0","0","0","0","0","0","1","1","1","10","2","2","2","0","4","0.8","0.403846","21","21","4","1","0.403846","21","1","1","0","0","1","31","54","4","0","4","0","4","0","4","0","4","13","0","4","0","31","54","4","0","4","0","4","0","4","0","4","13","0","4","0","0","0","0","0","0","0","0","0","0","0","0","0","0","0","0","0","0","0","0","0","0","0","0","0","0","0","0","0","0","0","0","0","0","0","0","1"
"56f4df896682733c9979b348e46ba77494851304","com.nostra13.universalimageloader.core.display.FadeInBitmapDisplayer","0","0","0","0","0","0","0","0","1","1","1","11","3","2","2","2","6","0.8","0.381818","21","21","4","1","0.381818","21","1","1","0","0","1","34","57","4","0","4","0","4","0","4","0","4","14","0","4","0","34","57","4","0","4","0","4","0","4","0","4","14","0","4","0","0","0","0","0","0","0","0","0","0","0","0","0","0","0","0","0","0","0","0","0","0","0","0","0","0","0","0","0","0","0","0","0","0","0","0","0"
"a3a6db9ef3531b23100e8f786d87dcba833c60f8","com.nostra13.universalimageloader.core.download.BaseImageDownloader","0","0","0","0","0","0","0","0","1","1","1","19","2","2","2","2","12","0.25","0.471338","74","71","1","3","0.471338","74","1","1","1","1","1","83","162","9","7","9","7","10","2","3","0","10","40","2","3","0","83","162","9","7","9","7","10","2","3","0","10","40","2","3","0","0","1","0","0","1","0","0","0","0","0","0","0","0","2","0","0","0","0","0","0","0","0","0","0","0","0","0","0","0","0","0","0","0","0","0","0"
"b6f760790c0862c89e88117dd82e0e88ee2a23fc","com.nostra13.universalimageloader.cache.disc.LimitedDiscCache$1","0","0","0","0","0","0","0","0","1","1","1","2","2","0","0","1","2","0","0","0","0","0","2","0","0","0","0","0","0","0","12","12","0","0","0","0","1","0","1","0","1","6","0","1","0","12","12","0","0","0","0","1","0","1","0","1","6","0","1","0","0","0","0","0","0","0","0","0","0","0","0","0","0","0","0","0","0","0","0","0","0","0","0","0","0","0","0","0","0","0","0","0","0","0","0","1"
"861ddfe6fc1e8db349bc90fa10a94370daf8076d","com.nostra13.universalimageloader.core.ImageLoaderEngine$1","0","0","0","0","0","0","0","0","1","1","1","2","4","0","0","2","3","0","0","0","0","0","2","0","0","0","0","0","0","0","11","11","0","0","0","0","1","0","1","0","1","4","0","1","0","11","11","0","0","0","0","1","0","1","0","1","4","0","1","0","0","0","0","0","0","0","0","0","0","0","0","0","0","0","0","0","0","0","0","0","0","0","0","0","0","0","0","0","0","0","0","0","0","0","0","0"
"56f4df896682733c9979b348e46ba77494851304","com.nostra13.universalimageloader.core.LoadAndDisplayImageTask$1","0","0","0","0","0","0","0","0","1","1","1","2","6","0","0","6","7","0","0","0","0","0","2","0","0","0","0","0","0","0","9","9","0","0","0","0","1","0","1","0","1","3","0","1","0","9","9","0","0","0","0","1","0","1","0","1","3","0","1","0","0","0","0","0","0","0","0","0","0","0","0","0","0","0","0","0","0","0","0","0","0","0","0","0","0","0","0","0","0","0","0","0","0","0","0","0"
"c0604b9b3fcd77d86c154a46f9078cec6ec67838","com.nostra13.universalimageloader.core.ProcessAndDisplayImageTask","0","0","0","0","0","0","0","0","1","1","1","3","7","2","1","4","6","0.333333","0.259259","7","7","1","2","0.259259","7","0","0","0","0","0","20","24","5","0","5","0","2","0","2","0","2","9","0","2","0","20","24","5","0","5","0","2","0","2","0","2","9","0","2","0","0","0","0","0","2","0","0","2","0","0","0","0","0","0","0","0","0","0","0","0","0","0","0","0","0","0","0","0","0","0","0","0","0","0","0","0"
"4fd88b2bb836abd15b35a2e3049d37094425b5dc","com.nostra13.universalimageloader.core.display.RoundedBitmapDisplayer","0","0","0","0","0","0","0","0","1","1","1","4","2","0","0","1","4","0.333333","0.179487","7","7","1","2","0.179487","7","1","1","0","0","1","32","40","1","1","1","1","3","0","2","0","3","20","0","2","0","32","40","1","1","1","1","3","0","2","0","3","20","0","2","0","0","0","0","0","1","0","0","0","0","0","0","0","0","1","0","0","0","0","0","0","0","0","0","0","0","0","0","0","0","0","0","0","0","0","0","1"
"3042606a69fcd01d334e6d730c8284c4c108fb09","com.nostra13.universalimageloader.core.ProcessAndDisplayImageTask","0","0","0","0","0","0","0","0","1","1","1","4","7","2","1","4","6","0.333333","0.233333","7","7","1","2","0.233333","7","0","0","0","0","0","23","27","5","0","5","0","2","0","2","0","2","11","0","2","0","23","27","5","0","5","0","2","0","2","0","2","11","0","2","0","0","0","0","0","2","0","0","2","0","0","0","0","0","0","0","0","0","0","0","0","0","0","0","0","0","0","0","0","0","0","0","0","0","0","0","0"
"e2d84aff036c22ca02c1152f8100ad4d76b5097c","com.nostra13.universalimageloader.core.ProcessAndDisplayImageTask","0","0","0","0","0","0","0","0","1","1","1","4","7","2","1","4","6","0.333333","0.233333","7","7","1","2","0.233333","7","0","0","0","0","0","23","27","5","0","5","0","2","0","2","0","2","11","0","2","0","23","27","5","0","5","0","2","0","2","0","2","11","0","2","0","0","0","0","0","2","0","0","2","0","0","0","0","0","0","0","0","0","0","0","0","0","0","0","0","0","0","0","0","0","0","0","0","0","0","0","0"
"9634fe37c997bd84932b2b198d8b38913e01a968","com.nostra13.universalimageloader.core.ProcessAndDisplayImageTask","0","0","0","0","0","0","0","0","1","1","1","4","8","2","1","4","6","0.333333","0.241379","7","7","1","2","0.241379","7","0","0","0","0","0","22","25","4","0","4","0","2","0","2","0","2","11","0","2","0","22","25","4","0","4","0","2","0","2","0","2","11","0","2","0","0","0","0","0","2","0","0","2","0","0","0","0","0","0","0","0","0","0","0","0","0","0","0","0","0","0","0","0","0","0","0","0","0","0","0","1"
"56f4df896682733c9979b348e46ba77494851304","com.nostra13.universalimageloader.core.ImageLoaderConfiguration","0","0","0","0","0","0","0","0","1","1","1","5","12","8","3","6","9","1","0.33","33","33","2","0","0.411157","199","0","0","0","0","0","67","107","24","1","24","1","3","0","1","0","3","33","0","1","0","285","533","57","1","57","1","25","3","22","0","25","139","3","22","0","0","0","0","0","65","0","0","6","0","0","0","25","0","1","0","0","0","0","0","0","0","0","0","0","0","0","0","12","21","0","0","0","0","0","0","0"
"b6f760790c0862c89e88117dd82e0e88ee2a23fc","com.nostra13.universalimageloader.cache.memory.BaseMemoryCache","0","0","0","0","0","0","0","0","1","1","1","7","1","6","8","0","6","0.166667","0.219512","9","9","1","5","0.219512","9","1","1","2","6","1","32","41","1","0","1","0","6","0","5","0","6","11","0","5","0","32","41","1","0","1","0","6","0","5","0","6","11","0","5","0","0","0","0","0","0","0","0","0","0","0","0","0","0","0","0","0","0","0","0","0","0","0","0","0","0","0","0","0","0","0","0","0","0","0","0","0"
"38e631b6e0fec39fc5b2440d4b77dce2fdddc700","com.nostra13.universalimageloader.cache.memory.BaseMemoryCache","0","0","0","0","0","0","0","0","1","1","1","7","1","6","8","0","6","0.166667","0.230769","9","9","1","5","0.230769","9","1","1","2","6","1","30","39","1","0","1","0","6","0","5","0","6","10","0","5","0","30","39","1","0","1","0","6","0","5","0","6","10","0","5","0","0","0","0","0","0","0","0","0","0","0","0","0","0","0","0","0","0","0","0","0","0","0","0","0","0","0","0","0","0","0","0","0","0","0","0","1"
"9cacbe549b9f0c9dffb806356167362859532c20","com.nostra13.universalimageloader.cache.memory.BaseMemoryCache","0","0","0","0","0","0","0","0","1","1","1","7","1","6","8","0","6","0.166667","0.230769","9","9","1","5","0.230769","9","1","1","2","6","1","30","39","1","0","1","0","6","0","5","0","6","10","0","5","0","30","39","1","0","1","0","6","0","5","0","6","10","0","5","0","0","0","0","0","0","0","0","0","0","0","0","0","0","0","0","0","0","0","0","0","0","0","0","0","0","0","0","0","0","0","0","0","0","0","0","1"
"861ddfe6fc1e8db349bc90fa10a94370daf8076d","com.nostra13.universalimageloader.core.assist.PauseOnScrollListener","0","0","0","0","0","0","0","0","1","2","2","11","1","2","0","2","6","0.6","0.373134","25","25","3","2","0.373134","25","0","0","0","0","0","42","64","4","0","4","0","4","0","4","0","4","18","0","4","0","42","64","4","0","4","0","4","0","4","0","4","18","0","4","0","0","0","0","1","0","0","0","0","0","0","0","0","0","1","0","0","0","0","0","0","0","0","0","0","0","0","0","0","0","0","0","0","0","0","0","0"
"0d2ab7081e55b98db38744b1919eff43de6e6c55","com.nostra13.universalimageloader.core.assist.PauseOnScrollListener","0","0","0","0","0","0","0","0","1","2","2","11","1","2","2","3","7","0.6","0.365079","23","23","3","2","0.365079","23","0","0","0","0","0","40","59","3","0","3","0","4","0","4","0","4","17","0","4","0","40","59","3","0","3","0","4","0","4","0","4","17","0","4","0","0","0","0","1","0","0","0","0","0","0","0","0","0","1","0","0","0","0","0","0","0","0","0","0","0","0","0","0","0","0","0","0","0","0","0","1"
"51704142d0b6889850e1073e76d176bc7a4fdf9d","com.nostra13.universalimageloader.core.display.RoundedBitmapDisplayer","0","0","0","0","0","0","0","0","1","2","2","17","2","1","1","1","4","0.333333","0.0737705","9","9","1","2","0.0737705","9","1","1","0","0","1","113","124","1","1","1","1","3","0","2","0","3","80","0","2","0","113","124","1","1","1","1","3","0","2","0","3","80","0","2","0","0","0","0","0","7","0","0","4","0","0","0","1","0","2","0","0","0","0","0","0","0","0","0","0","0","0","0","0","0","0","0","0","0","0","0","0"
"9178cfa0dedb77dcbfead34cb6a9d6da524ea947","com.nostra13.universalimageloader.core.display.RoundedBitmapDisplayer","0","0","0","0","0","0","0","0","1","2","2","18","3","1","1","1","5","0.5","0.139706","19","19","2","2","0.139706","19","1","1","0","0","1","117","139","1","1","1","1","4","0","3","0","4","82","0","3","0","117","139","1","1","1","1","4","0","3","0","4","82","0","3","0","0","0","0","0","6","0","0","4","0","0","0","1","0","1","0","0","0","0","0","0","0","0","0","0","0","0","0","0","0","0","0","0","0","0","0","1"
"9df7c425ff1c75c7cf57e6f9ca585f60887e4c51","com.nostra13.universalimageloader.utils.StorageUtils","0","0","0","0","0","0","0","0","1","2","2","20","1","1","1","2","8","1","0.337079","30","30","4","0","0.337079","30","0","0","0","0","0","59","90","2","4","2","4","6","0","3","0","6","32","0","3","0","59","90","2","4","2","4","6","0","3","0","6","32","0","3","0","0","0","0","0","2","0","1","0","0","0","0","0","0","1","0","0","0","0","0","0","0","0","0","0","0","0","0","0","0","0","0","0","0","0","0","1"
"dcb5e7982e71f76bf5aac5830e18c713839ff478","com.nostra13.universalimageloader.utils.StorageUtils","0","0","0","0","0","0","0","0","1","2","2","20","1","1","1","2","8","1","0.337079","30","30","4","0","0.337079","30","0","0","0","0","0","59","90","2","4","2","4","6","0","3","0","6","32","0","3","0","59","90","2","4","2","4","6","0","3","0","6","32","0","3","0","0","0","0","0","2","0","1","0","0","0","0","0","0","1","0","0","0","0","0","0","0","0","0","0","0","0","0","0","0","0","0","0","0","0","0","2"
"56f4df896682733c9979b348e46ba77494851304","com.nostra13.universalimageloader.utils.StorageUtils","0","0","0","0","0","0","0","0","1","2","2","20","1","1","1","2","8","1","0.337079","30","30","4","0","0.337079","30","0","0","0","0","0","59","90","2","4","2","4","6","0","3","0","6","32","0","3","0","59","90","2","4","2","4","6","0","3","0","6","32","0","3","0","0","0","0","0","2","0","1","0","0","0","0","0","0","1","0","0","0","0","0","0","0","0","0","0","0","0","0","0","0","0","0","0","0","0","0","1"
"e509d54325b6bd5e6492006d2b287dd19d16a379","com.nostra13.universalimageloader.utils.StorageUtils","0","0","0","0","0","0","0","0","1","2","2","20","1","1","1","2","8","1","0.340659","31","30","4","0","0.340659","31","0","0","0","0","0","60","91","2","4","2","4","6","0","3","0","6","33","0","3","0","60","91","2","4","2","4","6","0","3","0","6","33","0","3","0","0","0","0","0","2","0","1","0","0","0","0","0","0","1","0","0","0","0","0","0","0","0","0","0","0","0","0","0","0","0","0","0","0","0","0","1"
"38df1bf182a3f6e51b73a7e0135b23b870bc2086","com.nostra13.universalimageloader.utils.StorageUtils","0","0","0","0","0","0","0","0","1","2","2","20","1","1","1","2","8","1","0.344086","32","32","4","0","0.344086","32","0","0","0","0","0","61","94","2","4","2","4","6","0","3","0","6","34","0","3","0","61","94","2","4","2","4","6","0","3","0","6","34","0","3","0","0","0","0","0","2","0","1","0","0","0","0","0","0","1","0","0","0","0","0","0","0","0","0","0","0","0","0","0","0","0","0","0","0","0","0","0"
"35025265f9c9059588f7ba2cfd8e9075d64ec07c","com.nostra13.universalimageloader.core.display.RoundedBitmapDisplayer","0","0","0","0","0","0","0","0","1","2","2","21","4","1","1","4","8","0.5","0.139073","21","19","2","2","0.139073","21","1","1","0","0","1","130","154","1","1","1","1","4","0","3","0","4","91","0","3","0","130","154","1","1","1","1","4","0","3","0","4","91","0","3","0","0","0","0","0","7","0","0","4","0","0","0","1","0","2","0","0","0","0","0","0","0","0","0","0","0","0","0","0","0","0","0","0","0","0","0","1"
"56f4df896682733c9979b348e46ba77494851304","com.nostra13.universalimageloader.core.display.RoundedBitmapDisplayer","0","0","0","0","0","0","0","0","1","2","2","21","4","1","1","4","8","0.5","0.139073","21","19","2","2","0.139073","21","1","1","0","0","1","130","154","1","1","1","1","4","0","3","0","4","91","0","3","0","130","154","1","1","1","1","4","0","3","0","4","91","0","3","0","0","0","0","0","7","0","0","4","0","0","0","1","0","2","0","0","0","0","0","0","0","0","0","0","0","0","0","0","0","0","0","0","0","0","0","1"
"d3ead7a00413c56635ae345a3da9746cdfbd87e5","com.nostra13.universalimageloader.core.display.RoundedBitmapDisplayer","0","0","0","0","0","0","0","0","1","2","2","21","5","1","1","6","10","0.5","0.150327","23","21","2","2","0.150327","23","1","1","0","0","1","130","156","1","1","1","1","4","0","3","0","4","91","0","3","0","130","156","1","1","1","1","4","0","3","0","4","91","0","3","0","0","0","0","0","7","0","0","4","0","0","0","1","0","2","0","0","0","0","0","0","0","0","0","0","0","0","0","0","0","0","0","0","0","0","0","0"
"e56bc0de9ea8d76b25e45a1d23d6bf370a58d735","com.nostra13.universalimageloader.utils.StorageUtils","0","0","0","0","0","0","0","0","1","2","2","22","1","1","2","2","9","1","0.398148","43","43","5","0","0.398148","43","0","0","0","0","0","65","110","2","5","2","5","7","0","4","0","7","35","0","4","0","65","110","2","5","2","5","7","0","4","0","7","35","0","4","0","0","0","0","0","2","0","1","0","0","0","0","0","0","1","0","0","0","0","0","0","0","0","0","0","0","0","0","0","0","0","0","0","0","0","0","0"
"8f36a417b17224753bc47581e80ddaab04bfece1","com.nostra13.universalimageloader.cache.memory.impl.LruMemoryCache","0","0","0","0","0","0","0","0","1","2","2","23","1","1","1","0","9","0.625","0.275","33","32","5","3","0.275","33","1","1","0","0","1","87","126","3","0","3","0","9","0","7","0","9","43","0","7","0","87","126","3","0","3","0","9","0","7","0","9","43","0","7","0","0","3","0","1","1","0","0","0","0","0","0","0","0","1","0","0","0","0","0","0","0","0","0","0","0","0","0","0","0","0","3","0","1","0","0","0"
"7f105dc6725d3156a1d9b712f00a5b32b3915beb","com.nostra13.universalimageloader.cache.memory.impl.LruMemoryCache","0","0","0","0","0","0","0","0","1","2","2","23","1","1","1","0","9","0.625","0.279661","33","32","5","3","0.279661","33","1","1","0","0","1","85","124","3","0","3","0","9","0","7","0","9","42","0","7","0","85","124","3","0","3","0","9","0","7","0","9","42","0","7","0","0","3","0","1","1","0","0","0","0","0","0","0","0","1","0","0","0","0","0","0","0","0","0","0","0","0","0","0","0","0","3","0","1","0","0","0"
"54a9038d7cc13fd46a922ce1c059610d0690115d","com.nostra13.universalimageloader.utils.StorageUtils","0","0","0","0","0","0","0","0","1","2","2","23","1","1","2","2","9","1","0.385965","44","43","5","0","0.385965","44","0","0","0","0","0","70","115","2","5","2","5","7","0","4","0","7","39","0","4","0","70","115","2","5","2","5","7","0","4","0","7","39","0","4","0","0","1","0","1","2","0","1","0","0","0","0","0","0","1","0","0","0","0","0","0","0","0","0","0","0","0","0","0","0","0","2","0","0","0","0","0"
"9ad887a19a575e2edcde24e44f5bde940f6c1833","com.nostra13.universalimageloader.cache.disc.impl.BaseDiscCache","0","0","0","0","0","0","0","0","1","2","2","23","5","4","15","4","17","0.307692","0.192","24","23","4","9","0.192","24","1","1","2","4","1","101","135","10","2","10","2","13","3","12","3","13","44","3","12","3","101","135","10","2","10","2","13","3","12","3","13","44","3","12","3","0","0","0","0","1","0","1","0","0","0","0","0","0","0","0","0","0","0","0","0","0","0","0","0","0","0","0","0","0","0","0","0","0","0","0","1"
"7637abf7df1394f71dbc04644be86791959d1313","com.nostra13.universalimageloader.cache.disc.impl.BaseDiscCache","0","0","0","0","0","0","0","0","1","2","2","28","5","4","15","4","17","0.307692","0.175182","24","23","4","9","0.175182","24","1","1","2","4","1","113","148","11","2","11","2","13","3","12","3","13","52","3","12","3","113","148","11","2","11","2","13","3","12","3","13","52","3","12","3","0","0","0","0","1","0","1","0","0","0","0","0","0","0","0","0","0","0","0","0","0","0","0","0","0","0","0","0","0","0","0","0","0","0","0","0"
"f641933a6ca867223017abaca7bcd1758a246963","com.nostra13.universalimageloader.cache.disc.LimitedDiscCache$1","0","0","0","0","0","0","0","0","1","2","2","3","2","0","0","1","2","0","0.0666667","1","0","0","2","0.0666667","1","0","0","0","0","0","14","14","0","0","0","0","1","0","1","0","1","7","0","1","0","14","14","0","0","0","0","1","0","1","0","1","7","0","1","0","0","0","0","0","0","0","0","0","0","0","0","0","0","0","0","0","0","0","0","0","0","0","0","0","0","0","0","0","0","0","0","0","0","0","0","0"
"0c4981a73d5f8c9cf68bf62c168ef8e82cf6d147","com.nostra13.universalimageloader.cache.disc.impl.ext.LruDiscCache","0","0","0","0","0","0","0","0","1","2","2","34","8","1","1","18","32","0.230769","0.170213","32","30","3","10","0.170213","32","2","2","0","0","1","156","200","11","2","11","2","14","3","12","3","14","74","3","12","3","156","200","11","2","11","2","14","3","12","3","14","74","3","12","3","0","0","0","0","6","0","0","0","0","0","0","0","0","6","0","0","0","0","0","0","0","0","0","0","0","0","0","0","0","0","0","0","0","0","0","0"
"7e71df151523f46bf412cd16b4dc377727af6534","com.nostra13.universalimageloader.cache.disc.impl.ext.LruDiscCache","0","0","0","0","0","0","0","0","1","2","2","34","8","1","1","18","33","0.285714","0.168478","31","30","4","10","0.168478","31","2","2","0","0","1","153","198","11","2","11","2","15","3","13","4","15","72","3","13","4","153","198","11","2","11","2","15","3","13","4","15","72","3","13","4","0","0","0","1","6","0","0","0","0","0","0","0","0","6","0","0","0","0","0","0","0","0","0","0","0","0","0","0","0","0","1","0","0","0","0","1"
"127b373e4be0588e1c7c750102c5ce04df649740","com.nostra13.universalimageloader.core.DisplayBitmapTask","0","0","0","0","0","0","0","0","1","2","2","6","6","1","1","7","11","0.333333","0.2","8","8","1","2","0.2","8","0","0","0","0","0","32","40","7","0","7","0","4","0","2","1","4","14","0","2","1","32","40","7","0","7","0","4","0","2","1","4","14","0","2","1","0","0","0","0","3","0","0","2","0","0","0","1","0","0","0","0","0","0","0","0","0","0","0","0","0","0","0","0","0","0","0","0","0","0","0","0"
"12778d31c9cc34c91527ec80ebf6f63479bcbfbe","com.nostra13.universalimageloader.core.DisplayBitmapTask","0","0","0","0","0","0","0","0","1","2","2","6","6","1","1","8","12","0.333333","0.195122","8","8","1","2","0.195122","8","0","0","0","0","0","33","41","7","0","7","0","4","0","2","1","4","15","0","2","1","33","41","7","0","7","0","4","0","2","1","4","15","0","2","1","0","0","0","0","3","0","0","2","0","0","0","1","0","0","0","0","0","0","0","0","0","0","0","0","0","0","0","0","0","0","0","0","0","0","0","0"
"861ddfe6fc1e8db349bc90fa10a94370daf8076d","com.nostra13.universalimageloader.core.DisplayBitmapTask","0","0","0","0","0","0","0","0","1","2","2","7","6","1","1","7","11","0.333333","0.177778","8","8","1","2","0.177778","8","0","0","0","0","0","37","45","9","0","9","0","4","0","2","1","4","18","0","2","1","37","45","9","0","9","0","4","0","2","1","4","18","0","2","1","0","0","0","0","5","0","0","4","0","0","0","1","0","0","0","0","0","0","0","0","0","0","0","0","0","0","0","0","0","0","0","0","0","0","0","0"
"0d2ab7081e55b98db38744b1919eff43de6e6c55","com.nostra13.universalimageloader.core.DisplayBitmapTask","0","0","0","0","0","0","0","0","1","2","2","7","6","1","1","8","12","0.333333","0.186047","8","8","1","2","0.186047","8","0","0","0","0","0","35","43","8","0","8","0","4","0","2","1","4","17","0","2","1","35","43","8","0","8","0","4","0","2","1","4","17","0","2","1","0","0","0","0","5","0","0","4","0","0","0","1","0","0","0","0","0","0","0","0","0","0","0","0","0","0","0","0","0","0","0","0","0","0","0","1"
"e2d84aff036c22ca02c1152f8100ad4d76b5097c","com.nostra13.universalimageloader.core.DisplayBitmapTask","0","0","0","0","0","0","0","0","1","2","2","7","6","2","2","7","11","0.333333","0.1875","9","9","1","2","0.1875","9","0","0","0","0","0","39","47","10","0","10","0","4","0","2","1","4","19","0","2","1","39","47","10","0","10","0","4","0","2","1","4","19","0","2","1","0","0","0","0","5","0","0","4","0","0","0","1","0","0","0","0","0","0","0","0","0","0","0","0","0","0","0","0","0","0","0","0","0","0","0","0"
"9634fe37c997bd84932b2b198d8b38913e01a968","com.nostra13.universalimageloader.core.DisplayBitmapTask","0","0","0","0","0","0","0","0","1","2","2","7","7","2","2","7","11","0.333333","0.195652","9","9","1","2","0.195652","9","0","0","0","0","0","37","44","8","0","8","0","4","0","2","1","4","19","0","2","1","37","44","8","0","8","0","4","0","2","1","4","19","0","2","1","0","0","0","0","5","0","0","4","0","0","0","1","0","0","0","0","0","0","0","0","0","0","0","0","0","0","0","0","0","0","0","0","0","0","0","1"
"014d63e59f0234a12c38d47a82f1920114a54b0e","com.nostra13.universalimageloader.cache.memory.impl.FuzzyKeyMemoryCache","0","0","0","0","0","0","0","0","1","2","2","8","1","1","1","5","11","0.142857","0.191489","9","8","1","6","0.191489","9","1","1","0","0","1","38","47","2","0","2","0","6","0","6","0","6","15","0","6","0","38","47","2","0","2","0","6","0","6","0","6","15","0","6","0","0","0","0","0","0","0","0","0","0","0","0","0","0","0","0","0","0","0","0","0","0","0","0","0","0","0","0","0","0","0","0","0","0","0","0","0"
"e8f9ebc38e6c3fc076355f6a942d559e14631e6f","com.nostra13.universalimageloader.cache.memory.impl.FuzzyKeyMemoryCache","0","0","0","0","0","0","0","0","1","2","2","8","1","1","1","5","11","0.142857","0.2","9","8","1","6","0.2","9","1","1","0","0","1","36","45","2","0","2","0","6","0","6","0","6","14","0","6","0","36","45","2","0","2","0","6","0","6","0","6","14","0","6","0","0","0","0","0","5","0","0","0","0","0","0","0","0","5","0","0","0","0","0","0","0","0","0","0","0","0","0","0","0","0","0","0","0","0","0","0"
"86f4d2533860e3dad3cfcfbadd525108587cff00","com.nostra13.universalimageloader.cache.disc.impl.LimitedAgeDiscCache","0","0","0","0","0","0","0","0","1","2","2","9","3","0","0","4","9","0.6","0.370968","23","22","3","2","0.370968","23","2","2","0","0","1","39","62","4","1","2","0","5","0","4","0","10","19","0","8","0","39","62","4","1","2","0","5","0","4","0","10","19","0","8","0","0","0","0","0","0","0","0","0","0","0","0","0","0","0","0","0","0","0","0","0","0","0","0","0","0","0","0","0","0","0","0","0","0","0","0","1"
"dcb5e7982e71f76bf5aac5830e18c713839ff478","com.nostra13.universalimageloader.core.LoadAndDisplayImageTask$1","0","0","0","0","0","0","0","0","1","3","2","4","4","0","0","6","7","0","0","0","0","0","2","0","0","0","0","0","0","0","14","14","0","0","0","0","1","0","1","0","1","7","0","1","0","14","14","0","0","0","0","1","0","1","0","1","7","0","1","0","0","0","0","0","0","0","0","0","0","0","0","0","0","0","0","0","0","0","0","0","0","0","0","0","0","0","0","0","0","0","0","0","0","0","0","1"
"56f4df896682733c9979b348e46ba77494851304","com.nostra13.universalimageloader.core.ImageLoader","0","0","0","0","0","0","0","0","1","3","2","50","19","10","10","38","67","1","0.574713","250","250","28","0","0.574713","250","0","0","0","0","0","185","469","12","4","12","4","29","1","27","0","29","89","1","27","0","185","469","12","4","12","4","29","1","27","0","29","89","1","27","0","0","1","0","0","17","0","0","6","0","0","0","3","0","9","0","0","0","0","0","0","0","0","0","0","0","0","0","0","0","0","0","0","0","0","0","0"
"519b63ba80983cf28090b3a6c19184d463407df9","com.nostra13.universalimageloader.cache.disc.impl.LimitedAgeDiscCache","0","0","0","0","0","0","0","0","1","3","2","8","3","0","0","3","7","0.6","0.365079","23","22","3","2","0.365079","23","2","2","0","0","1","40","63","4","1","2","0","4","0","4","0","9","20","0","8","0","40","63","4","1","2","0","4","0","4","0","9","20","0","8","0","0","0","0","0","0","0","0","0","0","0","0","0","0","0","0","0","0","0","0","0","0","0","0","0","0","0","0","0","0","0","0","0","0","0","0","0"
"dcb5e7982e71f76bf5aac5830e18c713839ff478","com.nostra13.universalimageloader.core.DisplayBitmapTask","0","0","0","0","0","0","0","0","1","3","2","9","7","2","2","7","11","0.333333","0.163636","9","9","1","2","0.163636","9","0","0","0","0","0","46","54","12","0","12","0","4","0","2","1","4","25","0","2","1","46","54","12","0","12","0","4","0","2","1","4","25","0","2","1","0","0","0","0","7","0","0","6","0","0","0","1","0","0","0","0","0","0","0","0","0","0","0","0","0","0","0","0","0","0","0","0","0","0","0","1"
"56f4df896682733c9979b348e46ba77494851304","com.nostra13.universalimageloader.core.DisplayBitmapTask","0","0","0","0","0","0","0","0","1","3","2","9","8","2","2","9","13","0.333333","0.163636","9","9","1","2","0.163636","9","0","0","0","0","0","46","54","12","0","12","0","4","0","2","1","4","24","0","2","1","46","54","12","0","12","0","4","0","2","1","4","24","0","2","1","0","0","0","0","7","0","0","6","0","0","0","1","0","0","0","0","0","0","0","0","0","0","0","0","0","0","0","0","0","0","0","0","0","0","0","0"
"e4c86729327074e1cf399e390206b69332371c07","com.nostra13.universalimageloader.cache.memory.LimitedMemoryCache","0","0","0","0","0","0","0","0","1","3","3","13","2","4","16","5","12","0.4","0.276316","21","19","2","3","0.276316","21","2","2","4","4","1","55","77","6","2","5","2","7","0","4","0","13","27","0","9","0","55","77","6","2","5","2","7","0","4","0","13","27","0","9","0","0","0","0","0","1","0","1","0","0","0","0","0","0","0","0","0","0","0","0","0","0","0","0","0","0","0","0","0","0","0","0","0","0","0","0","0"
"01fb567d898a5e23c6c620cac4ad5b16c13c3c03","com.nostra13.universalimageloader.cache.memory.LimitedMemoryCache","0","0","0","0","0","0","0","0","1","3","3","13","2","4","16","5","12","0.4","0.283784","21","19","2","3","0.283784","21","2","2","4","4","1","53","75","6","2","5","2","7","0","4","0","13","25","0","9","0","53","75","6","2","5","2","7","0","4","0","13","25","0","9","0","0","0","0","0","2","0","1","0","0","0","0","0","0","0","0","0","0","0","0","0","0","0","0","0","0","0","0","0","1","0","0","0","0","0","0","1"
"e2d84aff036c22ca02c1152f8100ad4d76b5097c","com.nostra13.universalimageloader.core.ImageLoader","0","0","0","0","0","0","0","0","1","3","3","48","16","10","10","41","66","1","0.527704","200","200","24","0","0.527704","200","0","0","0","0","0","179","411","13","4","13","4","25","1","23","0","25","91","1","23","0","179","411","13","4","13","4","25","1","23","0","25","91","1","23","0","0","1","0","0","17","0","0","6","0","0","0","3","0","9","0","0","0","0","0","0","0","0","0","0","0","0","0","0","0","0","0","0","0","0","0","0"
"9634fe37c997bd84932b2b198d8b38913e01a968","com.nostra13.universalimageloader.core.ImageLoader","0","0","0","0","0","0","0","0","1","3","3","48","16","13","10","41","66","1","0.507614","200","200","24","0","0.507614","200","0","0","0","0","0","194","426","28","4","28","4","25","1","23","0","25","91","1","23","0","194","426","28","4","28","4","25","1","23","0","25","91","1","23","0","0","1","0","0","32","0","0","6","0","0","0","18","0","9","0","0","0","0","0","0","0","0","0","0","0","0","0","0","0","0","0","0","0","0","0","1"
"cd91558a7d39642a30b05749dee272e2228788f7","com.nostra13.universalimageloader.core.LoadAndDisplayImageTask","0","0","0","0","0","0","0","0","1","3","3","51","18","5","2","31","42","0.333333","0.0891473","23","14","1","2","0.0855019","23","0","0","0","0","0","235","284","14","1","14","1","11","0","2","0","11","160","0","2","0","246","295","14","1","14","1","13","0","4","0","13","164","0","4","0","0","0","0","5","22","0","1","18","0","0","0","4","0","3","0","0","0","0","0","0","0","0","0","0","0","0","0","0","0","0","1","0","0","0","0","1"
"a3a6db9ef3531b23100e8f786d87dcba833c60f8","com.nostra13.universalimageloader.core.LoadAndDisplayImageTask","0","0","0","0","0","0","0","0","1","3","3","51","19","5","2","33","44","0.333333","0.0942623","23","15","1","2","0.0901961","23","0","0","0","0","0","221","267","15","2","15","2","11","0","2","0","11","148","0","2","0","232","278","15","2","15","2","13","0","4","0","13","152","0","4","0","0","0","0","1","25","0","0","18","0","0","0","5","0","2","0","0","0","0","0","0","0","0","0","0","0","0","0","0","0","0","1","0","0","0","0","0"
"861ddfe6fc1e8db349bc90fa10a94370daf8076d","com.nostra13.universalimageloader.core.ImageLoader","0","0","0","0","0","0","0","0","1","3","3","52","14","9","10","32","56","1","0.512129","190","186","21","0","0.512129","190","0","0","0","0","0","181","401","10","6","10","6","24","1","20","0","24","104","1","20","0","181","401","10","6","10","6","24","1","20","0","24","104","1","20","0","0","1","0","1","22","0","0","14","0","0","0","0","0","9","0","0","0","0","0","0","0","0","0","0","0","0","0","0","0","0","1","0","0","0","0","0"
"7b0b574a74d1f6e2b9de317eaf92905fcc7d589b","com.nostra13.universalimageloader.core.LoadAndDisplayImageTask","0","0","0","0","0","0","0","0","1","3","3","52","18","5","2","31","42","0.333333","0.0877863","23","14","1","2","0.0842491","23","0","0","0","0","0","239","289","14","1","14","1","11","0","2","0","11","163","0","2","0","250","300","14","1","14","1","13","0","4","0","13","167","0","4","0","0","0","0","5","22","0","1","18","0","0","0","4","0","3","0","0","0","0","0","0","0","0","0","0","0","0","0","0","0","0","1","0","0","0","0","0"
"e4c86729327074e1cf399e390206b69332371c07","com.nostra13.universalimageloader.core.LoadAndDisplayImageTask","0","0","0","0","0","0","0","0","1","3","3","58","18","5","2","33","45","0.333333","0.0839161","24","15","1","2","0.0808081","24","0","0","0","0","0","262","314","18","2","18","2","12","0","2","0","12","176","0","2","0","273","325","18","2","18","2","14","0","4","0","14","180","0","4","0","0","0","0","5","26","0","1","18","0","0","0","8","0","3","0","0","0","0","0","0","0","0","0","0","0","0","0","0","0","0","1","0","0","0","0","2"
"300a0ea2f23b836dedeaf92774a2586e98e720b9","com.nostra13.universalimageloader.core.LoadAndDisplayImageTask","0","0","0","0","0","0","0","0","1","3","3","58","18","5","2","33","45","0.333333","0.0848057","24","15","1","2","0.0816327","24","0","0","0","0","0","259","310","18","2","18","2","12","0","2","0","12","174","0","2","0","270","321","18","2","18","2","14","0","4","0","14","178","0","4","0","0","0","0","5","26","0","1","18","0","0","0","8","0","3","0","0","0","0","0","0","0","0","0","0","0","0","0","0","0","0","1","0","0","0","0","1"
"0b198aa6b2e284985bd372c440c4a10009499fec","com.nostra13.universalimageloader.core.ImageLoader","0","0","0","0","0","0","0","0","1","3","3","59","15","14","10","37","63","1","0.495238","208","202","21","0","0.495238","208","0","0","0","0","0","212","450","28","6","28","6","26","1","20","0","26","113","1","20","0","212","450","28","6","28","6","26","1","20","0","26","113","1","20","0","0","1","0","1","47","0","0","18","0","0","0","21","0","9","0","0","0","0","0","0","0","0","0","0","0","0","0","0","0","0","1","0","0","0","0","0"
"d6d7a065b9ef86d3f157e6cbb95c13c990d73951","com.nostra13.universalimageloader.core.ImageLoader","0","0","0","0","0","0","0","0","1","3","3","59","15","14","10","37","63","1","0.495238","208","202","21","0","0.495238","208","0","0","0","0","0","212","450","28","6","28","6","26","1","20","0","26","113","1","20","0","212","450","28","6","28","6","26","1","20","0","26","113","1","20","0","0","1","0","1","47","0","0","18","0","0","0","21","0","9","0","0","0","0","0","0","0","0","0","0","0","0","0","0","0","0","1","0","0","0","0","0"
"bbf3b71476e1c14c92edfa58adc6800b6dfb813b","com.nostra13.universalimageloader.core.LoadAndDisplayImageTask","0","0","0","0","0","0","0","0","1","3","3","59","18","5","2","33","45","0.333333","0.0839161","24","15","1","2","0.0808081","24","0","0","0","0","0","262","313","18","2","18","2","12","0","2","0","12","176","0","2","0","273","324","18","2","18","2","14","0","4","0","14","180","0","4","0","0","0","0","5","26","0","1","18","0","0","0","8","0","3","0","0","0","0","0","0","0","0","0","0","0","0","0","0","0","0","1","0","0","0","0","1"
"9634fe37c997bd84932b2b198d8b38913e01a968","com.nostra13.universalimageloader.core.LoadAndDisplayImageTask","0","0","0","0","0","0","0","0","1","3","3","60","21","5","2","35","51","0.333333","0.102564","28","24","1","2","0.0985916","28","0","0","0","0","0","245","297","16","3","16","3","16","0","2","0","16","159","0","2","0","256","308","16","3","16","3","18","0","4","0","18","163","0","4","0","0","0","0","1","27","0","0","18","0","0","0","5","0","4","0","0","0","0","0","0","0","0","0","0","0","0","0","0","0","0","1","0","0","0","0","1"
"12778d31c9cc34c91527ec80ebf6f63479bcbfbe","com.nostra13.universalimageloader.core.ImageLoader","0","0","0","0","0","0","0","0","1","3","3","62","16","6","10","25","48","1","0.465823","184","180","18","0","0.465823","184","0","0","0","0","0","211","424","13","7","13","7","23","1","17","0","23","119","1","17","0","211","424","13","7","13","7","23","1","17","0","23","119","1","17","0","0","1","0","2","25","0","0","14","0","0","0","0","0","12","0","0","0","0","0","0","0","0","0","0","0","0","0","0","0","0","2","0","0","0","0","0"
"127b373e4be0588e1c7c750102c5ce04df649740","com.nostra13.universalimageloader.core.ImageLoader","0","0","0","0","0","0","0","0","1","3","3","62","16","6","9","25","48","1","0.465823","184","180","18","0","0.465823","184","0","0","0","0","0","211","424","13","7","13","7","23","1","17","0","23","119","1","17","0","211","424","13","7","13","7","23","1","17","0","23","119","1","17","0","0","1","0","2","25","0","0","14","0","0","0","0","0","12","0","0","0","0","0","0","0","0","0","0","0","0","0","0","0","0","2","0","0","0","0","0"
"8ba3407c3b781fbc714377e8b3845242741468d8","com.nostra13.universalimageloader.core.ImageLoader","0","0","0","0","0","0","0","0","1","3","3","67","15","12","9","30","53","1","0.46","184","180","18","0","0.46","184","0","0","0","0","0","216","429","13","7","13","7","23","1","17","0","23","132","1","17","0","216","429","13","7","13","7","23","1","17","0","23","132","1","17","0","0","1","0","2","35","0","0","24","0","0","0","0","0","12","0","0","0","0","0","0","0","0","0","0","0","0","0","0","0","0","2","0","0","0","0","0"
"062e3e2a3a6ce7329de28df77d19b849625ee11b","com.nostra13.universalimageloader.core.ImageLoader","0","0","0","0","0","0","0","0","1","3","3","69","15","12","9","30","53","1","0.455446","184","179","18","0","0.455446","184","0","0","0","0","0","220","433","13","7","13","7","23","1","17","0","23","132","1","17","0","220","433","13","7","13","7","23","1","17","0","23","132","1","17","0","0","1","0","2","31","0","0","20","0","0","0","0","0","12","0","0","0","0","0","0","0","0","0","0","0","0","0","0","0","0","2","0","0","0","0","1"
"dcb5e7982e71f76bf5aac5830e18c713839ff478","com.nostra13.universalimageloader.core.ImageLoader","0","0","0","0","0","0","0","0","1","4","3","49","17","10","10","44","69","1","0.513369","192","192","24","0","0.513369","192","0","0","0","0","0","182","406","13","4","13","4","25","1","23","0","25","95","1","23","0","182","406","13","4","13","4","25","1","23","0","25","95","1","23","0","0","1","0","0","17","0","0","6","0","0","0","3","0","9","0","0","0","0","0","0","0","0","0","0","0","0","0","0","0","0","0","0","0","0","0","1"
"4f3d5a159ada96e30c5ca47649beda206178fbce","com.nostra13.universalimageloader.core.LoadAndDisplayImageTask","0","0","0","0","0","0","0","0","1","4","4","40","14","3","1","20","28","0.333333","0.103627","20","12","1","2","0.0995025","20","0","0","0","0","0","173","212","12","0","12","0","8","0","2","0","8","117","0","2","0","181","220","12","0","12","0","10","0","4","0","10","119","0","4","0","0","1","0","5","23","0","1","20","0","0","0","3","0","4","0","0","0","0","0","0","0","0","0","0","0","0","0","0","0","0","1","0","0","0","0","1"
"a89a6cd4aaf575e44f1666785c452c83b60ac76e","com.nostra13.universalimageloader.core.LoadAndDisplayImageTask","0","0","0","0","0","0","0","0","1","4","4","42","14","3","1","19","27","0.333333","0.103093","20","12","1","2","0.0990099","20","0","0","0","0","0","174","213","12","0","12","0","8","0","2","0","8","118","0","2","0","182","221","12","0","12","0","10","0","4","0","10","120","0","4","0","0","1","0","5","23","0","1","20","0","0","0","3","0","4","0","0","0","0","0","0","0","0","0","0","0","0","0","0","0","0","1","0","0","0","0","0"
"f976103a9d8c3ce755e31017750aaa4a8519d566","com.nostra13.universalimageloader.core.LoadAndDisplayImageTask","0","0","0","0","0","0","0","0","1","4","4","42","14","3","1","19","27","0.333333","0.103093","20","12","1","2","0.0990099","20","0","0","0","0","0","174","213","12","0","12","0","8","0","2","0","8","118","0","2","0","182","221","12","0","12","0","10","0","4","0","10","120","0","4","0","0","1","0","5","23","0","1","20","0","0","0","3","0","4","0","0","0","0","0","0","0","0","0","0","0","0","0","0","0","0","1","0","0","0","0","0"
"89670489b98d05275866728aefe77109b9e77600","com.nostra13.universalimageloader.core.LoadAndDisplayImageTask","0","0","0","0","0","0","0","0","1","4","4","42","14","3","1","20","28","0.333333","0.102564","20","12","1","2","0.0985222","20","0","0","0","0","0","175","214","12","0","12","0","8","0","2","0","8","118","0","2","0","183","222","12","0","12","0","10","0","4","0","10","120","0","4","0","0","1","0","5","23","0","1","20","0","0","0","3","0","4","0","0","0","0","0","0","0","0","0","0","0","0","0","0","0","0","1","0","0","0","0","0"
"12778d31c9cc34c91527ec80ebf6f63479bcbfbe","com.nostra13.universalimageloader.core.LoadAndDisplayImageTask","0","0","0","0","0","0","0","0","1","4","4","45","16","3","1","24","32","0.333333","0.1","22","13","1","2","0.0964912","22","0","0","0","0","0","198","241","21","0","21","0","8","0","2","0","8","135","0","2","0","206","249","21","0","21","0","10","0","4","0","10","137","0","4","0","0","1","0","5","26","0","1","24","0","0","0","2","0","4","0","0","0","0","0","0","0","0","0","0","0","0","0","0","0","0","1","0","0","0","0","0"
"127b373e4be0588e1c7c750102c5ce04df649740","com.nostra13.universalimageloader.core.LoadAndDisplayImageTask","0","0","0","0","0","0","0","0","1","4","4","45","16","3","1","24","32","0.333333","0.1","22","13","1","2","0.0964912","22","0","0","0","0","0","198","241","21","0","21","0","8","0","2","0","8","135","0","2","0","206","249","21","0","21","0","10","0","4","0","10","137","0","4","0","0","1","0","5","27","0","1","24","0","0","0","3","0","4","0","0","0","0","0","0","0","0","0","0","0","0","0","0","0","0","1","0","0","0","0","0"
"ed7aac1d1b6bbb170374dc9dbdca67de2b1c0ed4","com.nostra13.universalimageloader.core.LoadAndDisplayImageTask","0","0","0","0","0","0","0","0","1","4","4","56","16","3","1","26","35","0.333333","0.0923695","23","14","1","2","0.0894942","23","0","0","0","0","0","226","275","25","0","25","0","9","0","2","0","9","155","0","2","0","234","283","25","0","25","0","11","0","4","0","11","157","0","4","0","0","1","0","5","34","0","1","32","0","0","0","2","0","4","0","0","0","0","0","0","0","0","0","0","0","0","0","0","0","0","1","0","0","0","0","1"
"861ddfe6fc1e8db349bc90fa10a94370daf8076d","com.nostra13.universalimageloader.core.LoadAndDisplayImageTask","0","0","0","0","0","0","0","0","1","4","4","57","16","5","2","24","34","0.333333","0.0888031","23","14","1","2","0.0861423","23","0","0","0","0","0","236","286","26","1","26","1","10","0","2","0","10","160","0","2","0","244","294","26","1","26","1","12","0","4","0","12","162","0","4","0","0","0","0","5","35","0","1","32","0","0","0","3","0","3","0","0","0","0","0","0","0","0","0","0","0","0","0","0","0","0","1","0","0","0","0","0"
"e2d84aff036c22ca02c1152f8100ad4d76b5097c","com.nostra13.universalimageloader.core.LoadAndDisplayImageTask","0","0","0","0","0","0","0","0","1","4","4","64","20","5","2","36","52","0.333333","0.0949153","28","24","1","2","0.0915033","28","0","0","0","0","0","267","322","32","3","32","3","16","0","2","0","16","163","0","2","0","278","333","32","3","32","3","18","0","4","0","18","167","0","4","0","0","0","0","1","27","0","0","18","0","0","0","5","0","4","0","0","0","0","0","0","0","0","0","0","0","0","0","0","0","0","1","0","0","0","0","0"
"dcb5e7982e71f76bf5aac5830e18c713839ff478","com.nostra13.universalimageloader.core.LoadAndDisplayImageTask","0","0","0","0","0","0","0","0","1","4","4","81","21","5","2","35","55","0.333333","0.0778443","26","20","1","2","0.0742857","26","0","0","0","0","0","308","366","37","3","37","3","20","0","2","0","20","193","0","2","0","324","382","37","3","37","3","22","0","4","0","22","201","0","4","0","0","0","0","1","41","0","0","28","0","0","0","5","0","7","0","0","0","0","0","0","0","0","0","0","0","0","0","0","1","0","1","0","0","0","0","2"
"56f4df896682733c9979b348e46ba77494851304","com.nostra13.universalimageloader.core.LoadAndDisplayImageTask","0","0","0","0","0","0","0","0","1","4","4","82","22","5","2","36","56","0.333333","0.0776119","26","20","1","2","0.0751445","26","0","0","0","0","0","309","367","37","3","37","3","20","0","2","0","20","193","0","2","0","320","378","37","3","37","3","22","0","4","0","22","197","0","4","0","0","0","0","1","44","0","0","30","0","0","0","5","0","8","0","0","0","0","0","0","0","0","0","0","0","0","0","0","1","0","1","0","0","0","0","1"
"cbd27ea0437031f48d07bd21f3a3f67ca05ff223","com.nostra13.universalimageloader.core.LoadAndDisplayImageTask","0","0","0","0","0","0","0","0","1","4","4","85","23","5","2","42","62","0.333333","0.074928","26","20","1","2","0.0726257","26","0","0","0","0","0","321","379","37","3","37","3","20","0","2","0","20","199","0","2","0","332","390","37","3","37","3","22","0","4","0","22","203","0","4","0","0","0","0","1","44","0","0","30","0","0","0","5","0","8","0","0","0","0","0","0","0","0","0","0","0","0","0","0","1","0","1","0","0","0","0","1"
"9df7c425ff1c75c7cf57e6f9ca585f60887e4c51","com.nostra13.universalimageloader.core.LoadAndDisplayImageTask","0","0","0","0","0","0","0","0","1","4","4","86","23","5","2","42","62","0.333333","0.0742857","26","20","1","2","0.0720222","26","0","0","0","0","0","324","382","37","3","37","3","20","0","2","0","20","201","0","2","0","335","393","37","3","37","3","22","0","4","0","22","205","0","4","0","0","0","0","1","44","0","0","30","0","0","0","5","0","8","0","0","0","0","0","0","0","0","0","0","0","0","0","0","1","0","1","0","0","0","0","0"
"b6e2d132d33da62bc72a27f91c76adcf7d5f3db9","com.nostra13.universalimageloader.core.LoadAndDisplayImageTask","0","0","0","0","0","0","0","0","1","4","4","89","25","7","3","38","62","0.25","0.097561","36","31","1","3","0.109415","43","1","1","0","0","1","333","409","37","2","37","2","24","0","3","0","24","192","0","3","0","350","426","37","2","37","2","27","0","6","0","27","197","0","6","0","0","0","0","1","26","0","0","12","0","0","0","7","0","7","0","0","0","0","0","0","0","0","0","0","0","0","0","0","0","0","1","0","0","0","0","1"
"303fa226ab37b10e0036e8efa198281f1c6ac6c9","com.nostra13.universalimageloader.core.LoadAndDisplayImageTask","0","0","0","0","0","0","0","0","1","4","4","90","25","7","3","38","62","0.25","0.096","36","31","1","3","0.107769","43","1","1","0","0","1","339","415","38","2","38","2","24","0","3","0","24","195","0","3","0","356","432","38","2","38","2","27","0","6","0","27","200","0","6","0","0","0","0","1","27","0","0","12","0","0","0","7","0","8","0","0","0","0","0","0","0","0","0","0","0","0","0","0","0","0","1","0","0","0","0","0"
"300a0ea2f23b836dedeaf92774a2586e98e720b9","com.nostra13.universalimageloader.core.download.BaseImageDownloader","0","0","0","0","0","0","0","0","1","5","1","18","1","2","2","0","10","0.25","0.490446","77","72","1","3","0.490446","77","1","1","1","1","1","80","161","16","7","10","7","10","2","3","0","10","43","8","3","0","80","161","16","7","10","7","10","2","3","0","10","43","8","3","0","0","1","0","0","1","0","0","0","0","0","0","0","0","2","0","0","0","0","0","0","0","0","0","0","0","0","0","0","0","0","0","0","0","0","0","1"
"a89a6cd4aaf575e44f1666785c452c83b60ac76e","com.nostra13.universalimageloader.core.DisplayImageOptions","0","0","0","0","0","0","0","0","2","0","0","11","3","12","9","1","12","1","0.414634","34","34","2","0","0.421053","64","0","0","0","0","0","48","77","7","4","7","4","11","0","1","0","11","17","0","1","0","88","150","14","4","14","4","19","0","9","0","19","32","0","9","0","0","0","0","0","19","0","0","0","0","0","0","9","0","0","0","0","0","0","0","0","0","0","0","0","0","0","0","5","5","0","0","0","0","0","0","0"
"f976103a9d8c3ce755e31017750aaa4a8519d566","com.nostra13.universalimageloader.core.DisplayImageOptions","0","0","0","0","0","0","0","0","2","0","0","12","3","13","10","1","13","1","0.397727","35","35","2","0","0.402439","66","0","0","0","0","0","53","83","8","5","8","5","12","0","1","0","12","19","0","1","0","98","163","16","5","16","5","21","0","10","0","21","36","0","10","0","0","0","0","0","21","0","0","0","0","0","0","10","0","0","0","0","0","0","0","0","0","0","0","0","0","0","0","6","5","0","0","0","0","0","0","0"
"39558a3d69f4d297258e8035e0f9c17801c726d7","com.nostra13.universalimageloader.core.DisplayImageOptions$Builder","0","0","0","0","0","0","0","0","2","0","0","15","5","6","6","2","17","1","0.353383","47","47","16","0","0.353383","47","0","0","0","0","0","86","143","13","0","13","0","15","0","15","0","15","41","0","15","0","86","143","13","0","13","0","15","0","15","0","15","41","0","15","0","0","0","0","0","20","0","0","0","0","0","0","0","0","0","0","0","0","0","0","0","0","0","0","0","0","0","0","10","10","0","0","0","0","0","0","0"
"39558a3d69f4d297258e8035e0f9c17801c726d7","com.nostra13.universalimageloader.core.DisplayImageOptions","0","0","0","0","0","0","0","0","2","0","0","21","4","15","15","1","22","1","0.323308","43","43","2","0","0.338346","90","0","0","0","0","0","90","131","13","10","13","10","21","0","1","0","21","33","0","1","0","176","274","26","10","26","10","36","0","16","0","36","74","0","16","0","0","0","0","0","39","0","0","0","0","0","0","19","0","0","0","0","0","0","0","0","0","0","0","0","0","0","0","10","10","0","0","0","0","0","0","0"
"3d15b9472ead9087cb8290040b35990d1c299ec6","com.nostra13.universalimageloader.core.DisplayImageOptions","0","0","0","0","0","0","0","0","2","0","0","21","4","15","15","1","22","1","0.323308","43","43","2","0","0.343511","90","0","0","0","0","0","90","131","13","10","13","10","21","0","1","0","21","33","0","1","0","172","270","26","10","26","10","36","0","16","0","36","70","0","16","0","0","0","0","0","39","0","0","0","0","0","0","19","0","0","0","0","0","0","0","0","0","0","0","0","0","0","0","10","10","0","0","0","0","0","0","1"
"56f4df896682733c9979b348e46ba77494851304","com.nostra13.universalimageloader.core.DisplayImageOptions","0","0","0","0","0","0","0","0","2","0","0","29","4","15","11","2","24","0.0909091","0.298611","43","43","2","20","0.364362","137","0","0","0","0","0","101","143","17","11","17","11","22","0","21","0","22","38","0","21","0","239","395","34","11","34","11","47","0","46","0","47","109","0","46","0","0","0","0","0","31","0","0","6","0","0","0","0","0","0","0","0","0","0","0","0","0","0","0","0","0","0","0","11","14","0","0","0","0","0","0","0"
"dcb5e7982e71f76bf5aac5830e18c713839ff478","com.nostra13.universalimageloader.core.DisplayImageOptions","0","0","0","0","0","0","0","0","2","0","0","29","4","15","12","2","30","0.0714286","0.265432","43","43","2","26","0.347716","137","0","0","0","0","0","119","167","17","14","17","14","28","0","27","0","28","44","0","27","0","257","419","34","14","34","14","53","0","52","0","53","115","0","52","0","0","0","0","0","31","0","0","6","0","0","0","0","0","0","0","0","0","0","0","0","0","0","0","0","0","0","0","11","14","0","0","0","0","0","0","1"
"f642fd63cb224abd181ee8d1ee6acc4af814d89b","com.nostra13.example.universalimageloader.ImageListActivity","0","0","0","0","0","0","0","0","2","0","0","3","8","3","1","2","5","0.333333","0.0810811","3","3","1","2","0.032967","3","2","2","0","0","1","34","44","8","0","2","0","3","0","2","0","11","14","0","9","0","88","109","12","4","6","4","9","2","8","0","21","36","2","19","0","0","0","0","0","9","0","0","0","0","0","0","3","0","5","0","0","0","0","0","0","0","0","0","0","0","0","0","1","0","0","0","0","0","0","0","0"
"330efbb4bb926b5f6a00f72ec83499968569dce5","com.nostra13.example.universalimageloader.ImageListActivity","0","0","0","0","0","0","0","0","2","0","0","3","8","3","1","2","5","0.333333","0.0810811","3","3","1","2","0.032967","3","2","2","0","0","1","34","44","8","0","2","0","3","0","2","0","11","14","0","9","0","88","109","12","4","6","4","9","2","8","0","21","36","2","19","0","0","0","0","0","9","0","0","0","0","0","0","3","0","5","0","0","0","0","0","0","0","0","0","0","0","0","0","1","0","0","0","0","0","0","0","0"
"0d2ab7081e55b98db38744b1919eff43de6e6c55","com.nostra13.universalimageloader.core.ImageLoader","0","0","0","0","0","0","0","0","2","3","3","67","15","12","14","23","51","1","0.456731","190","186","21","0","0.447059","190","0","0","0","0","0","226","452","15","8","15","8","28","1","20","0","28","126","1","20","0","235","461","15","8","15","8","29","1","21","0","29","130","1","21","0","0","1","0","1","23","0","0","14","0","0","0","1","0","9","0","0","0","0","0","0","0","0","0","0","0","0","0","0","0","0","1","0","0","0","0","1"
"861ddfe6fc1e8db349bc90fa10a94370daf8076d","com.nostra13.universalimageloader.core.ImageLoaderEngine","0","0","0","0","0","0","0","0","3","1","1","23","4","4","11","0","12","1","0.237113","23","23","1","0","0.216981","23","0","0","0","0","0","74","107","7","3","7","3","12","0","0","0","12","31","0","0","0","83","116","7","3","7","3","13","0","1","0","13","35","0","1","0","0","0","0","0","10","0","0","0","0","0","0","10","0","0","0","0","0","0","0","0","0","0","0","0","0","0","0","0","0","0","0","0","0","0","0","0"
"56f4df896682733c9979b348e46ba77494851304","com.nostra13.universalimageloader.core.ImageLoaderConfiguration$Builder","0","0","0","0","0","0","0","0","3","2","2","61","13","2","2","11","33","0.954545","0.432292","166","166","21","1","0.432292","166","0","0","0","0","0","218","426","33","0","33","0","22","3","21","0","22","106","3","21","0","218","426","33","0","33","0","22","3","21","0","22","106","3","21","0","0","0","0","0","40","0","0","6","0","0","0","0","0","1","0","0","0","0","0","0","0","0","0","0","0","0","0","12","21","0","0","0","0","0","0","0"
"dcb5e7982e71f76bf5aac5830e18c713839ff478","com.nostra13.universalimageloader.core.ImageLoaderConfiguration$Builder","0","0","0","0","0","0","0","0","3","2","2","61","13","2","2","11","33","0.954545","0.440318","166","166","21","1","0.440318","166","0","0","0","0","0","211","419","33","0","33","0","22","3","21","0","22","106","3","21","0","211","419","33","0","33","0","22","3","21","0","22","106","3","21","0","0","0","0","0","43","0","0","8","0","0","0","0","0","2","0","0","0","0","0","0","0","0","0","0","0","0","0","12","21","0","0","0","0","0","0","1"
"022f4e22082d375d3b8487d2560aae519e6b5b6a","com.nostra13.universalimageloader.core.ImageLoaderEngine","0","0","0","0","0","0","0","0","4","1","1","22","4","5","15","1","18","1","0.320312","41","41","1","0","0.297101","41","0","0","0","0","0","87","146","9","3","9","3","17","0","0","0","17","35","0","0","0","97","156","9","3","9","3","18","0","1","0","18","40","0","1","0","0","0","0","0","16","0","0","0","0","0","0","15","0","1","0","0","0","0","0","0","0","0","0","0","0","0","0","0","0","0","0","0","0","0","0","1"
"56f4df896682733c9979b348e46ba77494851304","com.nostra13.universalimageloader.core.ImageLoaderEngine","0","0","0","0","0","0","0","0","4","1","1","24","5","5","15","2","19","1","0.333333","45","45","1","0","0.310345","45","0","0","0","0","0","90","153","9","3","9","3","17","0","0","0","17","35","0","0","0","100","163","9","3","9","3","18","0","1","0","18","40","0","1","0","0","0","0","0","16","0","0","0","0","0","0","15","0","1","0","0","0","0","0","0","0","0","0","0","0","0","0","0","0","0","0","0","0","0","0","0"
"e4c86729327074e1cf399e390206b69332371c07","com.nostra13.universalimageloader.core.DefaultConfigurationFactory","0","0","0","0","0","0","0","0","5","2","1","8","15","8","8","9","14","1","0.268293","11","11","6","0","0.268293","11","0","0","0","0","0","30","40","0","0","0","0","5","0","5","0","5","15","0","5","0","30","40","0","0","0","0","5","0","5","0","5","15","0","5","0","0","0","0","0","1","0","0","0","0","0","0","0","0","1","0","0","0","0","0","0","0","0","0","0","0","0","0","0","0","0","0","0","0","0","0","1"
"3d15b9472ead9087cb8290040b35990d1c299ec6","com.nostra13.universalimageloader.core.DisplayImageOptions$Builder","0","0","0","0","0","0","0","0","6","0","0","15","5","6","6","2","17","1","0.364341","47","47","16","0","0.364341","47","0","0","0","0","0","82","139","13","0","13","0","15","0","15","0","15","37","0","15","0","82","139","13","0","13","0","15","0","15","0","15","37","0","15","0","0","0","0","0","20","0","0","0","0","0","0","0","0","0","0","0","0","0","0","0","0","0","0","0","0","0","0","10","10","0","0","0","0","0","0","1"
"bbf3b71476e1c14c92edfa58adc6800b6dfb813b","com.nostra13.universalimageloader.core.DefaultConfigurationFactory","0","0","0","0","0","0","0","0","6","2","1","11","15","9","9","10","16","1","0.254902","13","12","7","0","0.254902","13","0","0","0","0","0","38","50","0","0","0","0","6","0","6","0","6","20","0","6","0","38","50","0","0","0","0","6","0","6","0","6","20","0","6","0","0","0","0","0","1","0","0","0","0","0","0","0","0","1","0","0","0","0","0","0","0","0","0","0","0","0","0","0","0","0","0","0","0","0","0","0"
"7e71df151523f46bf412cd16b4dc377727af6534","com.nostra13.universalimageloader.core.DefaultConfigurationFactory","0","0","0","0","0","0","0","0","7","1","1","16","17","5","7","10","20","1","0.272727","21","21","9","0","0.216495","21","0","0","0","0","0","56","82","0","0","0","0","10","0","8","0","10","25","0","8","0","76","106","5","0","5","0","12","0","9","0","12","34","0","9","0","0","1","0","0","5","0","1","2","0","0","0","0","0","2","0","0","0","0","0","0","0","0","0","0","0","0","0","1","0","0","0","0","0","0","0","1"
"0c4981a73d5f8c9cf68bf62c168ef8e82cf6d147","com.nostra13.universalimageloader.core.DefaultConfigurationFactory","0","0","0","0","0","0","0","0","7","2","2","17","18","5","7","10","20","1","0.278481","22","21","9","0","0.222222","22","0","0","0","0","0","57","84","0","0","0","0","10","0","8","0","10","25","0","8","0","77","108","5","0","5","0","12","0","9","0","12","34","0","9","0","0","1","0","0","5","0","1","2","0","0","0","0","0","2","0","0","0","0","0","0","0","0","0","0","0","0","0","1","0","0","0","0","0","0","0","0"
"062e3e2a3a6ce7329de28df77d19b849625ee11b","com.nostra13.universalimageloader.core.ImageLoaderConfiguration$Builder","0","0","0","0","0","0","0","0","7","2","2","41","9","4","3","6","25","0.947368","0.4375","119","118","18","1","0.4375","119","0","0","0","0","0","153","299","30","0","30","0","19","3","18","0","19","85","3","18","0","153","299","30","0","30","0","19","3","18","0","19","85","3","18","0","0","0","0","0","53","0","0","26","0","0","0","0","0","2","0","0","0","0","0","0","0","0","0","0","0","0","0","10","15","0","0","0","0","0","0","1"
"a89a6cd4aaf575e44f1666785c452c83b60ac76e","com.nostra13.universalimageloader.core.DisplayImageOptions$Builder","0","0","0","0","0","0","0","0","8","0","0","8","4","6","6","2","10","1","0.428571","30","30","9","0","0.428571","30","0","0","0","0","0","40","73","7","0","7","0","8","0","8","0","8","15","0","8","0","40","73","7","0","7","0","8","0","8","0","8","15","0","8","0","0","0","0","0","10","0","0","0","0","0","0","0","0","0","0","0","0","0","0","0","0","0","0","0","0","0","0","5","5","0","0","0","0","0","0","0"
"dcb5e7982e71f76bf5aac5830e18c713839ff478","com.nostra13.universalimageloader.core.DefaultConfigurationFactory","0","0","0","0","0","0","0","0","8","2","1","16","19","10","10","11","20","1","0.27027","20","19","9","0","0.212766","20","0","0","0","0","0","54","77","0","0","0","0","9","0","8","0","9","28","0","8","0","74","101","5","0","5","0","11","0","9","0","11","37","0","9","0","0","1","0","0","5","0","1","2","0","0","0","0","0","2","0","0","0","0","0","0","0","0","0","0","0","0","0","1","0","0","0","0","0","0","0","1"
"56f4df896682733c9979b348e46ba77494851304","com.nostra13.universalimageloader.core.DefaultConfigurationFactory","0","0","0","0","0","0","0","0","8","2","1","16","19","10","10","11","20","1","0.273973","20","19","9","0","0.215054","20","0","0","0","0","0","53","76","0","0","0","0","9","0","8","0","9","27","0","8","0","73","100","5","0","5","0","11","0","9","0","11","36","0","9","0","0","1","0","0","6","0","1","2","0","0","0","0","0","3","0","0","0","0","0","0","0","0","0","0","0","0","0","1","0","0","0","0","0","0","0","0"
"8ba3407c3b781fbc714377e8b3845242741468d8","com.nostra13.universalimageloader.core.ImageLoaderConfiguration$Builder","0","0","0","0","0","0","0","0","8","2","2","39","9","4","3","6","25","0.947368","0.449057","119","118","18","1","0.449057","119","0","0","0","0","0","146","292","30","0","30","0","19","3","18","0","19","80","3","18","0","146","292","30","0","30","0","19","3","18","0","19","80","3","18","0","0","0","0","0","53","0","0","26","0","0","0","0","0","2","0","0","0","0","0","0","0","0","0","0","0","0","0","10","15","0","0","0","0","0","0","0"
"f976103a9d8c3ce755e31017750aaa4a8519d566","com.nostra13.universalimageloader.core.DisplayImageOptions$Builder","0","0","0","0","0","0","0","0","9","0","0","9","4","6","6","2","11","1","0.407895","31","31","10","0","0.407895","31","0","0","0","0","0","45","80","8","0","8","0","9","0","9","0","9","17","0","9","0","45","80","8","0","8","0","9","0","9","0","9","17","0","9","0","0","0","0","0","11","0","0","0","0","0","0","0","0","0","0","0","0","0","0","0","0","0","0","0","0","0","0","6","5","0","0","0","0","0","0","0"
"303fa226ab37b10e0036e8efa198281f1c6ac6c9","com.nostra13.universalimageloader.core.decode.BaseImageDecoder","0.0918919","1","10","2","0.0947867","0.119048","20","20","1","3","3","37","11","1","1","25","34","1","0.139535","24","21","3","0","0.125","24","1","1","0","0","1","148","186","7","1","7","1","9","0","2","0","9","88","0","2","0","168","211","11","1","11","1","12","4","2","0","12","94","4","2","0","0","4","0","1","6","0","0","4","0","0","0","0","0","7","0","0","0","0","0","0","0","0","0","0","0","0","0","0","0","0","0","0","0","0","0","0"
"b6e2d132d33da62bc72a27f91c76adcf7d5f3db9","com.nostra13.universalimageloader.core.decode.BaseImageDecoder","0.0945758","1","10","2","0.0970874","0.122699","20","20","1","3","3","36","11","1","1","25","34","1","0.143713","24","21","3","0","0.128342","24","1","1","0","0","1","143","181","6","1","6","1","9","0","2","0","9","85","0","2","0","163","206","10","1","10","1","12","4","2","0","12","91","4","2","0","0","4","0","1","5","0","0","4","0","0","0","0","0","6","0","0","0","0","0","0","0","0","0","0","0","0","0","0","0","0","0","0","0","0","0","1"
"6298eaaaa8da8a13cf40899716069b0bfaa10c54","com.nostra13.universalimageloader.core.decode.BaseImageDecoder","0.0965909","1","10","2","0.0985222","0.125","20","20","1","3","3","35","11","1","1","24","33","1","0.146341","24","21","3","0","0.130435","24","1","1","0","0","1","140","178","6","1","6","1","9","0","2","0","9","82","0","2","0","160","203","10","1","10","1","12","4","2","0","12","88","4","2","0","0","4","0","1","5","0","0","4","0","0","0","0","0","6","0","0","0","0","0","0","0","0","0","0","0","0","0","0","0","0","0","0","0","0","0","0"
"be321892a22cc257aec9a02c5282ca6ad20afc2d","com.nostra13.universalimageloader.core.decode.BaseImageDecoder","0.0970043","1","10","2","0.1","0.125786","20","20","1","3","3","36","11","1","1","24","34","1","0.141975","23","20","3","0","0.126374","23","1","1","0","0","1","139","175","6","1","6","1","10","0","2","0","10","80","0","2","0","159","200","10","1","10","1","13","4","2","0","13","86","4","2","0","0","5","0","1","5","0","0","4","0","0","0","0","0","7","0","0","0","0","0","0","0","0","0","0","0","0","0","0","0","0","0","0","0","0","0","1"
"4f3172262de460ad4b59d86f036c8a38aec9ee93","com.nostra13.universalimageloader.core.decode.BaseImageDecoder","0.0988372","1","10","2","0.102041","0.128205","20","20","1","3","3","34","11","1","1","23","32","1","0.144654","23","20","3","0","0.128492","23","1","1","0","0","1","136","171","6","1","6","1","9","0","2","0","9","79","0","2","0","156","196","10","1","10","1","12","4","2","0","12","85","4","2","0","0","5","0","1","5","0","0","4","0","0","0","0","0","7","0","0","0","0","0","0","0","0","0","0","0","0","0","0","0","0","0","0","0","0","0","0"
"120269c3eaac806f9eeed8de1e4ba1c23085c0af","com.nostra13.universalimageloader.core.decode.BaseImageDecoder","0.102874","1","10","2","0.112994","0.143885","20","20","1","3","3","32","11","1","1","23","31","1","0.161972","23","20","3","0","0.141975","23","1","1","0","0","1","119","152","6","1","6","1","8","0","2","0","8","75","0","2","0","139","177","10","1","10","1","11","4","2","0","11","81","4","2","0","0","5","0","1","8","0","0","8","0","0","0","0","0","6","0","0","0","0","0","0","0","0","0","0","0","0","0","0","0","0","0","0","0","0","0","1"
"a3a6db9ef3531b23100e8f786d87dcba833c60f8","com.nostra13.universalimageloader.core.ImageDecoder","0.169811","1","6","2","0.14","0.189189","21","21","1","3","3","31","8","1","2","7","14","1","0.234483","34","27","2","0","0.234483","34","0","0","0","0","0","111","150","4","1","4","1","7","0","1","1","7","71","0","1","1","111","150","4","1","4","1","7","0","1","1","7","71","0","1","1","0","0","0","0","4","0","0","2","0","0","0","1","0","1","0","0","0","0","0","0","0","0","0","0","0","0","0","0","0","0","0","0","0","0","0","0"
"300a0ea2f23b836dedeaf92774a2586e98e720b9","com.nostra13.universalimageloader.core.ImageDecoder","0.169811","1","6","2","0.14","0.189189","21","21","1","3","3","31","8","1","3","7","14","1","0.234483","34","27","2","0","0.234483","34","0","0","0","0","0","111","150","4","1","4","1","7","0","1","1","7","71","0","1","1","111","150","4","1","4","1","7","0","1","1","7","71","0","1","1","0","0","0","0","4","0","0","2","0","0","0","1","0","1","0","0","0","0","0","0","0","0","0","0","0","0","0","0","0","0","0","0","0","0","0","1"
"dcb5e7982e71f76bf5aac5830e18c713839ff478","com.nostra13.universalimageloader.utils.ImageSizeUtils","0.173038","1","8","2","0.129412","0.23913","22","22","3","3","3","41","3","3","8","4","9","1","0.455621","77","67","4","0","0.455621","77","0","0","0","0","0","92","170","0","1","0","1","5","0","3","0","5","72","0","3","0","92","170","0","1","0","1","5","0","3","0","5","72","0","3","0","0","0","0","2","17","0","0","16","0","0","0","0","0","2","0","0","0","0","0","0","0","0","0","0","0","0","0","0","0","0","1","0","0","0","0","1"
"f976103a9d8c3ce755e31017750aaa4a8519d566","com.nostra13.universalimageloader.core.ImageDecoder","0.184783","1","6","2","0.12426","0.185841","21","21","1","3","3","33","6","1","3","4","11","1","0.306748","50","43","3","0","0.306748","50","0","0","0","0","0","113","169","6","1","6","1","7","0","2","1","7","71","0","2","1","113","169","6","1","6","1","7","0","2","1","7","71","0","2","1","0","0","0","0","6","0","0","4","0","0","0","1","0","1","0","0","0","0","0","0","0","0","0","0","0","0","0","0","0","0","0","0","0","0","0","0"
"a89a6cd4aaf575e44f1666785c452c83b60ac76e","com.nostra13.universalimageloader.core.ImageDecoder","0.192817","1","6","2","0.128049","0.194444","21","21","1","3","3","32","5","1","3","3","10","1","0.312102","49","42","3","0","0.312102","49","0","0","0","0","0","108","164","5","1","5","1","7","0","2","1","7","68","0","2","1","108","164","5","1","5","1","7","0","2","1","7","68","0","2","1","0","0","0","0","6","0","0","4","0","0","0","1","0","1","0","0","0","0","0","0","0","0","0","0","0","0","0","0","0","0","0","0","0","0","0","0"
"7e71df151523f46bf412cd16b4dc377727af6534","com.nostra13.universalimageloader.utils.ImageSizeUtils","0.211618","1","8","2","0.119565","0.22","22","22","3","3","3","30","3","3","9","5","11","1","0.425287","74","69","5","0","0.425287","74","0","0","0","0","0","100","184","2","0","2","0","6","0","4","0","6","62","0","4","0","100","184","2","0","2","0","6","0","4","0","6","62","0","4","0","0","0","0","1","10","0","0","4","0","0","0","0","0","7","0","0","0","0","0","0","0","0","0","0","0","0","0","0","0","0","0","0","0","0","0","0"
"f641933a6ca867223017abaca7bcd1758a246963","com.nostra13.universalimageloader.cache.disc.LimitedDiscCache","0.21345","1","4","1","0.146552","0.197674","17","17","1","3","3","15","3","3","3","4","12","0.5","0.244898","24","23","3","3","0.225225","25","2","2","2","2","1","74","104","5","1","3","1","8","0","5","0","12","43","0","9","0","86","116","5","1","3","1","9","0","6","0","13","50","0","10","0","0","0","0","0","3","0","0","2","0","0","0","0","0","1","0","0","0","0","0","0","0","0","0","0","0","0","0","0","0","0","0","0","0","0","0","0"
"b6f760790c0862c89e88117dd82e0e88ee2a23fc","com.nostra13.universalimageloader.cache.disc.LimitedDiscCache","0.217262","1","4","1","0.149123","0.202381","17","17","1","3","3","15","3","3","3","4","12","0.5","0.244898","24","23","3","3","0.222222","24","2","2","2","2","1","74","104","5","1","3","1","8","0","5","0","12","43","0","9","0","84","114","5","1","3","1","9","0","6","0","13","49","0","10","0","0","0","0","0","3","0","0","2","0","0","0","0","0","1","0","0","0","0","0","0","0","0","0","0","0","0","0","0","0","0","0","0","0","0","0","1"
"e4c86729327074e1cf399e390206b69332371c07","com.nostra13.universalimageloader.cache.disc.LimitedDiscCache","0.227414","1","4","1","0.155963","0.21519","17","17","1","3","3","16","3","2","2","4","12","0.5","0.23301","24","23","3","3","0.23301","24","2","2","2","2","1","79","109","5","1","3","1","8","0","5","0","12","48","0","9","0","79","109","5","1","3","1","8","0","5","0","12","48","0","9","0","0","0","0","0","3","0","0","2","0","0","0","0","0","1","0","0","0","0","0","0","0","0","0","0","0","0","0","0","0","0","0","0","0","0","0","0"
"f82bf5665e11c3f59118e52aa63f7da17cc517c1","com.nostra13.universalimageloader.utils.ImageSizeUtils","0.238318","1","8","2","0.129412","0.252874","22","22","4","3","3","26","3","3","9","5","10","1","0.459627","74","69","5","0","0.459627","74","0","0","0","0","0","87","170","2","0","2","0","5","0","4","0","5","54","0","4","0","87","170","2","0","2","0","5","0","4","0","5","54","0","4","0","0","0","0","1","7","0","0","4","0","0","0","0","0","4","0","0","0","0","0","0","0","0","0","0","0","0","0","0","0","0","0","0","0","0","0","1"
"01fb567d898a5e23c6c620cac4ad5b16c13c3c03","com.nostra13.universalimageloader.cache.disc.LimitedDiscCache","0.243333","1","4","1","0.158879","0.220779","17","17","1","3","3","16","3","2","2","4","12","0.5","0.237624","24","23","3","3","0.237624","24","2","2","2","2","1","77","107","5","1","3","1","8","0","5","0","12","46","0","9","0","77","107","5","1","3","1","8","0","5","0","12","46","0","9","0","0","0","0","0","4","0","0","2","0","0","0","0","0","1","0","0","0","0","0","0","0","0","0","0","0","0","0","0","1","0","0","0","0","0","0","1"
"56f4df896682733c9979b348e46ba77494851304","com.nostra13.universalimageloader.utils.ImageSizeUtils","0.267081","1","8","2","0.156028","0.305556","22","22","3","3","3","25","3","2","3","5","9","1","0.470588","64","60","4","0","0.470588","64","0","0","0","0","0","72","141","0","0","0","0","4","0","3","0","4","49","0","3","0","72","141","0","0","0","0","4","0","3","0","4","49","0","3","0","0","0","0","1","5","0","0","4","0","0","0","0","0","2","0","0","0","0","0","0","0","0","0","0","0","0","0","0","0","0","0","0","0","0","0","0"
"330efbb4bb926b5f6a00f72ec83499968569dce5","com.nostra13.example.universalimageloader.ImageGridActivity","0.333333","1","1","1","0.197183","0.206897","14","12","1","0","0","2","6","3","1","1","3","0.5","0.09375","3","3","1","1","0.0491803","3","2","2","0","0","1","29","37","8","0","2","0","2","0","1","0","10","12","0","8","0","58","71","8","4","2","4","7","0","6","0","15","22","0","13","0","0","0","0","0","2","0","0","0","0","0","0","2","0","0","0","0","0","0","0","0","0","0","0","0","0","0","0","0","0","0","0","0","0","0","0","0"
"f642fd63cb224abd181ee8d1ee6acc4af814d89b","com.nostra13.example.universalimageloader.ImageGridActivity","0.337607","1","1","1","0.197183","0.206897","14","12","1","0","0","2","6","3","1","1","3","0.5","0.09375","3","3","1","1","0.0491803","3","2","2","0","0","1","29","37","8","0","2","0","2","0","1","0","10","12","0","8","0","58","71","8","4","2","4","7","0","6","0","15","22","0","13","0","0","0","0","0","2","0","0","0","0","0","0","2","0","0","0","0","0","0","0","0","0","0","0","0","0","0","0","0","0","0","0","0","0","0","0","0"
"56f4df896682733c9979b348e46ba77494851304","com.nostra13.universalimageloader.core.imageaware.ImageViewAware","0.459893","1","10","2","0.241379","0.321839","28","28","1","2","2","29","3","1","4","3","13","0.3","0.262712","31","25","3","7","0.262712","31","1","1","0","0","1","87","116","1","6","1","6","10","0","9","2","10","50","0","9","2","87","116","1","6","1","6","10","0","9","2","10","50","0","9","2","0","0","0","1","14","0","0","8","0","0","0","0","0","6","0","0","0","0","0","0","0","0","0","0","0","0","0","0","0","0","1","0","0","0","0","0"
"f82bf5665e11c3f59118e52aa63f7da17cc517c1","com.nostra13.universalimageloader.core.assist.ImageSizeTest","0.550996","3","8","8","0.44898","0.513274","66","58","3","0","0","7","6","0","0","7","14","0.125","0.0956522","11","6","1","7","0.096","12","0","0","0","0","0","104","137","3","0","3","0","7","0","7","1","7","77","0","7","1","113","147","3","0","3","0","9","0","8","1","9","79","0","8","1","0","0","0","13","7","0","1","0","0","0","0","0","0","1","0","0","0","0","6","0","0","0","0","0","0","0","0","6","0","0","0","0","6","1","0","1"
"7e71df151523f46bf412cd16b4dc377727af6534","com.nostra13.universalimageloader.core.assist.ImageSizeTest","0.603109","4","10","10","0.496894","0.56","80","70","3","0","0","7","6","0","0","7","14","0.125","0.0866142","11","6","1","7","0.0875912","12","0","0","0","0","0","116","151","3","0","3","0","7","0","7","1","7","89","0","7","1","125","161","3","0","3","0","9","0","8","1","9","91","0","8","1","0","0","0","13","7","0","1","0","0","0","0","0","0","1","0","0","0","0","6","0","0","0","0","0","0","0","0","6","0","0","0","0","6","1","0","0"
